curriculum_rank,episode_id,stage,stage_position,cluster,difficulty,difficulty_z,coreset_rank,is_cluster_medoid,duration,path_length,net_displacement,tortuosity,log_tortuosity,mean_speed,max_speed,rms_acceleration,rms_jerk,normalized_jerk,log_normalized_jerk,reversal_rate,workspace_span,source,task_name,embodiment,arm_used,missing_frame_ratio
1,scale__2026-04-30-10-03-07-201204,1,1,0,0.003676470588235294,-1.6804172598803087,133,False,1645.0,0.024590219507916657,0.002186347887881009,11.247166859501624,2.5052946334667605,0.0004487266333561433,0.010013902991818124,0.00559902861083967,0.15902236804554773,1065205.4475010342,13.878679185758491,0.009738283627510651,0.006413172474458122,scale,freeform_insert_batteries_into_electronic_devices,human_bimanual,left,0.0
2,scale__2026-04-30-10-00-57-922936,1,2,0,0.007352941176470588,-1.4549352941788063,97,False,1754.0,0.031183666350846524,0.001485151123056663,20.996965134878582,3.090904495427948,0.000533662287806843,0.0020825884730585336,0.004240637038066797,0.17267209655593208,1105727.9015309324,13.916015314862062,0.001141552511415525,0.006911777348693034,scale,freeform_insert_batteries_into_electronic_devices,human_bimanual,left,0.0
3,scale__2026-04-30-09-44-12-558682,1,3,0,0.01838235294117647,-1.3536777523148793,123,False,485.0,18.803578818948004,1.4163132072041302,13.276426939537735,2.6586097112845275,1.165511083819091,4.330494290370007,21.29319656799487,849.4881209140237,190296.54210198545,12.156344137289034,0.006211180124223602,2.597214164140371,scale,freeform_sort_laundry_by_type_and_color,human_bimanual,right,0.0
4,scale__2026-04-30-09-43-12-362365,1,4,0,0.022058823529411766,-1.3107650368876749,113,False,562.0,19.81398421102494,1.1775212971471825,16.826858468741836,2.880706222786464,1.0595713481831517,4.799352915869789,19.88294107507921,773.0132581734982,255798.53849869876,12.452149363976302,0.0125,2.020119465034695,scale,freeform_sort_laundry_by_type_and_color,human_bimanual,right,0.0
5,yam__pick_hat__2026-07-02-23-08-00-468000,1,5,0,0.025735294117647058,-1.2668734004233637,272,False,295.0,1.573704613528065,0.022001961532275877,71.52565062071906,4.283940300952669,0.16058210342123114,0.5697367907138852,1.130475469641094,50.37967524459625,30284.112241670355,10.318411525588479,0.07720588235294118,0.5714771137732693,yam,yam_pick_hat,yam_bimanual,left,0.0
6,scale__2026-04-30-09-45-48-639800,1,6,0,0.03308823529411765,-1.2467260969296918,174,False,468.0,19.513756674228457,1.2800535479981876,15.244484658274692,2.7877534455199804,1.2535603859247402,4.108239428238857,16.544130875887454,611.6342798837305,118611.9040927068,11.683620563106913,0.004291845493562232,3.256609689133299,scale,freeform_sort_laundry_by_type_and_color,human_bimanual,left,0.0
7,yam__fold_clothes__2026-07-09-22-20-59-776000,1,7,0,0.03676470588235294,-1.241891193171093,267,False,793.0,3.7413813872485884,0.07606053824590961,49.189520262825546,3.915806245199673,0.1417189919412344,0.6742828975622006,1.1297813226887121,41.00986074774966,202064.05448944564,12.2163449764637,0.012674271229404309,0.6528600163886944,yam,yam_fold_tshirt,yam_bimanual,left,0.0
8,scale__2026-04-30-09-46-22-829609,1,8,0,0.04411764705882353,-1.1782496013902373,118,False,474.0,17.759418806687464,1.0988098451244779,16.16241325602211,2.8427217168072954,1.126390199155653,4.115470245604993,17.03737045168846,675.9820897399931,149657.671558404,11.916112457197814,0.00423728813559322,3.368206412537459,scale,freeform_sort_laundry_by_type_and_color,human_bimanual,left,0.0
9,yam__fold_clothes__2026-07-09-22-20-06-931000,1,9,0,0.04779411764705882,-1.1168026838507408,263,False,816.0,4.2159510427953215,0.0676161364949155,62.35125609568577,4.1486947344424925,0.15518838194338605,0.7500460896451154,1.262932203764294,45.545883630151174,217000.37215685335,12.287658955806076,0.019704433497536946,0.6743105905694424,yam,yam_fold_tshirt,yam_bimanual,left,0.0
10,yam__pack_items__2026-07-06-19-28-39-516000,1,10,0,0.051470588235294115,-1.1134043598455106,209,False,647.0,4.180131434194616,0.06750428639873722,61.92394079248887,4.141926708022953,0.1941237508139914,1.0127442063071894,1.681999146740751,61.87190676661085,148130.1402941089,11.9058532434747,0.04792332268370607,0.7071368855604498,yam,yam_pack_items,yam_bimanual,right,0.0
11,yam__fold_clothes__2026-07-09-22-15-28-625000,1,11,0,0.05514705882352941,-1.1000893126054796,233,False,904.0,4.400466695437152,0.07620432689211652,57.74562777343275,4.073216729377157,0.1461949068251545,0.7531655155466525,1.2064504038329518,47.933410351960475,297549.5503084933,12.603339406536902,0.019144144144144143,0.6714608928580116,yam,yam_fold_tshirt,yam_bimanual,left,0.0
12,yam__pack_items__2026-07-06-17-21-20-488000,1,12,0,0.058823529411764705,-1.0961157100361008,206,False,1139.0,3.911852296397255,0.08242868773158295,47.457413238648584,3.8806853346538843,0.10312440148674662,0.5011084442106676,0.8360517349549561,35.44968924934987,495295.85774147906,13.112912574404133,0.023593466424682397,0.6304631298369557,yam,yam_pack_items,yam_bimanual,right,0.0
13,yam__fold_clothes__2026-07-09-22-12-27-388000,1,13,0,0.0625,-1.094864354905407,238,False,901.0,4.63652567052956,0.07746190082042308,59.855562817626144,4.10850323378636,0.15455085568431864,0.6710027606699303,1.3214715769308372,48.80467576177305,284678.8120245829,12.559120361108729,0.016835016835016835,0.6791248985261482,yam,yam_fold_tshirt,yam_bimanual,left,0.0
14,yam__fold_clothes__2026-07-09-22-19-10-824000,1,14,0,0.0661764705882353,-1.092220854751312,270,False,832.0,4.007965051992041,0.05650655733584934,70.92920257326094,4.275682337668236,0.1446918791332867,0.7566034975110243,1.156705568594279,40.54122408127439,215374.731125514,12.280139368487331,0.00853658536585366,0.6691191537509528,yam,yam_fold_tshirt,yam_bimanual,left,0.0
15,yam__fold_clothes__2026-07-09-22-13-32-277000,1,15,0,0.06985294117647059,-1.073929215483187,199,False,1143.0,4.641730792402562,0.11054037617277129,41.99127009616537,3.7609970740625958,0.12193688596504103,0.7045336067371765,1.1206056607013033,39.9449927637615,475320.59856166353,13.071746903525597,0.04805914972273567,0.7381291827395245,yam,yam_fold_tshirt,yam_bimanual,left,0.0
16,yam__fold_clothes__2026-07-08-22-21-21-804000,1,16,0,0.07352941176470588,-1.0580887769992275,242,False,977.0,5.005983609651198,0.08278868673649666,60.46700107207226,4.1185004628746,0.15387244701796715,0.6809829570791974,1.1937609332654873,46.03819206908185,317161.8633443515,12.66717068542085,0.014598540145985401,0.7741983871005805,yam,yam_fold_tshirt,yam_bimanual,left,0.0
17,yam__fold_clothes__2026-07-09-22-25-15-332000,1,17,0,0.07720588235294118,-1.0493201933036849,201,False,782.0,4.057824230587935,0.05093288379874671,79.6700270619231,4.39036709441335,0.15587032895984382,0.8743631533874507,1.3104809827850834,46.2358120293164,201422.0935506975,12.213162917790862,0.016709511568123392,0.6197240552357097,yam,yam_fold_tshirt,yam_bimanual,left,0.0
18,yam__fold_clothes__2026-07-09-22-17-07-011000,1,18,0,0.08088235294117647,-1.0482636164562316,207,False,1005.0,4.73662262154973,0.07621648725144275,62.14695523716972,4.145464632862471,0.14153254845268118,0.6571054780274482,1.1786075408441419,44.22997890975303,350536.461614824,12.767222860244253,0.016966067864271458,0.6668416759552988,yam,yam_fold_tshirt,yam_bimanual,left,0.0
19,yam__pack_items__2026-07-06-18-28-18-172000,1,19,0,0.09191176470588236,-1.033286316434383,190,False,1024.0,3.987585224950345,0.07481635998974802,53.298305684702626,3.994493023593082,0.11693798313637375,0.6554859654122692,0.9137712163882882,39.57062135568538,394059.58001259,12.884259932837903,0.04890219560878244,0.6276837736099006,yam,yam_pack_items,yam_bimanual,right,0.0
20,yam__pack_items__2026-07-06-21-06-51-354000,1,20,0,0.09558823529411764,-1.0258928002480505,205,False,754.0,4.296886337243644,0.059731804079882544,71.93632275859586,4.289586769503092,0.17119069072683837,1.0136967801253864,1.4829768460863866,61.52060108212631,226856.52400479975,12.332077451854406,0.03351206434316354,0.6792353622619473,yam,yam_pack_items,yam_bimanual,right,0.0
21,yam__pack_items__2026-07-06-18-30-23-922000,1,21,0,0.10661764705882353,-1.0176071828729771,227,False,1021.0,4.365681958547062,0.09685553270523119,45.07416186366471,3.8302523126940633,0.12840241054550183,0.556765099704811,0.9656105259913136,40.735735589178844,367280.56603020546,12.813884042773209,0.0814070351758794,0.7346556270376745,yam,yam_pack_items,yam_bimanual,right,0.0
22,yam__pack_items__2026-07-06-18-29-27-437000,1,22,0,0.11397058823529412,-1.0075369102251603,234,False,1050.0,4.049491994513026,0.06952919620355225,58.241605190685895,4.081624085431652,0.1158100665732991,0.504150890483041,0.8839722700704854,36.73787908706474,388415.32797511556,12.869833053586534,0.04558969276511397,0.6209238249482358,yam,yam_pack_items,yam_bimanual,right,0.0
23,yam__pack_items__2026-07-06-21-04-18-018000,1,23,0,0.11764705882352941,-1.00078490453634,250,False,820.0,4.194416381615358,0.06498483767692706,64.54453887332846,4.18272989435656,0.1536416257001963,0.8860230500239114,1.475731452844223,68.58521219603193,333304.2418599467,12.716813991324717,0.04197530864197531,0.6441330623598919,yam,yam_pack_items,yam_bimanual,right,0.0
24,yam__fold_clothes__2026-07-08-22-25-25-667000,1,24,0,0.1213235294117647,-0.9931428843818633,235,False,1035.0,5.192302932326079,0.07451053125484193,69.68549069348727,4.25824032826968,0.15064708701139495,0.6367843935133192,1.067817434457528,39.7816426914852,314159.10349273396,12.65765801867867,0.019455252918287938,0.7574638302806261,yam,yam_fold_tshirt,yam_bimanual,left,0.0
25,yam__fold_clothes__2026-07-09-22-18-13-776000,1,25,0,0.125,-0.9885956572540369,216,False,839.0,4.152491228556196,0.04789407640536078,86.70156186770954,4.47393970842947,0.14865720388626,0.6472101608312362,1.1159714337849191,40.236059566145855,211568.49431711048,12.262308801829922,0.021660649819494584,0.6575209311284798,yam,yam_fold_tshirt,yam_bimanual,left,0.0
26,yam__fold_clothes__2026-07-08-22-23-09-074000,1,26,0,0.12867647058823528,-0.9827872907602035,247,False,1043.0,4.532718932075777,0.07158347087115502,63.32074816872651,4.163882256779529,0.13050054506936015,0.6550734419499923,1.0774214774758273,40.67915933563726,376596.99995838193,12.83893358440612,0.029644268774703556,0.7742658493371565,yam,yam_fold_tshirt,yam_bimanual,left,0.0
27,yam__fold_clothes__2026-07-09-22-11-29-382000,1,27,0,0.1323529411764706,-0.9689767117650396,195,False,1084.0,4.7951375922066655,0.06769079555431456,70.8388423114201,4.274425309045337,0.13282929618301012,0.7233646573231316,1.1116457732453784,40.09590031664849,393931.9306742137,12.883935947074665,0.02509293680297398,0.6159000164397974,yam,yam_fold_tshirt,yam_bimanual,left,0.0
28,yam__fold_clothes__2026-07-09-22-26-03-154000,1,28,0,0.13602941176470587,-0.9582884628351227,1,True,750.0,3.7914888500944626,0.0360503481828825,105.17204524240199,4.6650608466847325,0.15186203671940438,0.8104691234412674,1.204183868535772,43.93818607130787,180709.93752521538,12.104654003388355,0.014864864864864866,0.6345706850848102,yam,yam_fold_tshirt,yam_bimanual,left,0.0
29,yam__fold_clothes__2026-07-09-22-26-59-131000,1,29,0,0.13970588235294118,-0.9373633576724619,225,False,829.0,3.9604961859904426,0.03973495668036821,99.67284519394478,4.611876102922113,0.14349623862284214,0.6934922879083725,1.1431939165331604,38.98449011387332,207326.5136906671,12.24205501364319,0.023370233702337023,0.6385705716254392,yam,yam_fold_tshirt,yam_bimanual,left,0.0
30,yam__fold_clothes__2026-07-09-22-24-12-475000,1,30,0,0.14338235294117646,-0.9340618082712926,248,False,934.0,4.302394042562269,0.04734933035060863,90.86493960324755,4.520319450620304,0.13834064445537841,0.8414321895973941,1.1310820370735548,38.86656686476259,272172.51343799796,12.514195058947005,0.019672131147540985,0.659855095220299,yam,yam_fold_tshirt,yam_bimanual,left,0.0
31,yam__pack_items__2026-07-06-18-09-07-081000,1,31,0,0.14705882352941177,-0.9274528742655694,254,False,852.0,4.260838886192848,0.04869367280156487,87.5029267879731,4.483035622517592,0.1502058361760111,0.7052547103328037,1.0664312491990375,43.94257479859949,235819.35971930297,12.370825606527275,0.0405727923627685,0.6614106242279112,yam,yam_pack_items,yam_bimanual,right,0.0
32,yam__pack_items__2026-07-06-18-08-18-646000,1,32,0,0.15073529411764705,-0.9241920867483392,260,False,1060.0,4.333370726047811,0.05810953196933596,74.57245961530896,4.325091926012682,0.12275837750843654,0.5533252079515976,0.9294320536790767,38.9782944137276,396219.0744484212,12.889725079424977,0.0380859375,0.6089416658410114,yam,yam_pack_items,yam_bimanual,right,0.0
33,yam__pack_items__2026-07-06-18-05-11-763000,1,33,0,0.15441176470588236,-0.9216017807291563,245,False,1029.0,4.116984336792058,0.06548346710334481,62.87059190520118,4.156859034873615,0.12014545729937909,0.5701874262258053,0.9362023447634547,40.66733580188582,398029.1326806296,12.894282991653537,0.068,0.6471775997535929,yam,yam_pack_items,yam_bimanual,right,0.0
34,yam__pack_items__2026-07-06-18-36-46-308000,1,34,0,0.15808823529411764,-0.9207823205424457,236,False,1084.0,4.678407039607281,0.07514814831607397,62.25578599661362,4.147186601631083,0.1295957628700078,0.6433513058214986,0.9792303122176013,41.8875771167379,421802.86406338424,12.952295707874809,0.06507177033492823,0.6381025552923612,yam,yam_pack_items,yam_bimanual,right,0.0
35,yam__fold_clothes__2026-07-09-22-14-31-889000,1,35,0,0.16176470588235295,-0.9173257116804845,240,False,1070.0,4.658517879867288,0.06151456358821833,75.7303247902667,4.340296999078657,0.13073483292424568,0.5662621834645712,1.0579977246956458,39.21792915030598,381429.9409428547,12.851685093511554,0.03861003861003861,0.6263704338489315,yam,yam_fold_tshirt,yam_bimanual,left,0.0
36,yam__fold_clothes__2026-07-08-22-18-39-019000,1,36,0,0.16544117647058823,-0.9055399798875617,214,False,1118.0,4.578325569753165,0.0639539082047373,71.5878935044353,4.284798151788145,0.1229630860273903,0.669033891691619,1.0083278605586061,38.67743575403792,436645.6915049669,12.986879660817792,0.034123222748815164,0.749152691170036,yam,yam_fold_tshirt,yam_bimanual,left,0.0
37,yam__pack_items__2026-07-06-17-22-37-589000,1,37,0,0.16911764705882354,-0.9024607488175905,241,False,1148.0,4.687938760858358,0.07108223957376528,65.9509152914839,4.203959743313094,0.12261391702332235,0.5990950712660128,0.9709257551771077,39.57380009021786,472410.48176649597,13.065605668188844,0.05229357798165138,0.6621150509383978,yam,yam_pack_items,yam_bimanual,right,0.0
38,yam__fold_clothes__2026-07-09-22-23-18-188000,1,38,0,0.17279411764705882,-0.9000029019018362,239,False,861.0,3.853820695520892,0.039084711741266064,98.60174282549424,4.601179662685394,0.13443560565770554,0.7347074167827186,1.1572003163720188,43.953377337095475,269146.3566344527,12.503014302779636,0.022538552787663108,0.6702976221424488,yam,yam_fold_tshirt,yam_bimanual,left,0.0
39,yam__fold_clothes__2026-07-09-22-10-28-199000,1,39,0,0.17647058823529413,-0.8994089692940667,224,False,1120.0,4.725792358936209,0.06297954741889045,75.0369374283361,4.331219241011348,0.1266968460840807,0.6562937269910929,1.0574804237853752,38.72231395398962,425789.10551889456,12.961701793780483,0.030470914127423823,0.7398597848178005,yam,yam_fold_tshirt,yam_bimanual,left,0.0
40,yam__pack_items__2026-07-06-18-27-14-950000,1,40,0,0.1801470588235294,-0.8955562840049874,212,False,907.0,4.151981565567099,0.04737714854462844,87.63679734030438,4.484547091257606,0.13748283329692382,0.6091612003710731,0.9737849653526416,40.67061590709888,270248.9413934414,12.5071025186409,0.05074971164936563,0.6002285434438158,yam,yam_pack_items,yam_bimanual,right,0.0
41,yam__fold_clothes__2026-07-09-22-33-08-849000,1,41,0,0.1875,-0.8905820452476211,217,False,933.0,4.561447506746067,0.043278485759011415,105.39757634187295,4.6671827979063085,0.1468277094446159,0.7401828245014012,1.1803147366303073,41.45459661374064,272930.3496639645,12.516975576111747,0.01646542261251372,0.6077711500984371,yam,yam_fold_tshirt,yam_bimanual,left,0.0
42,yam__fold_clothes__2026-07-09-22-22-22-265000,1,42,0,0.19117647058823528,-0.8755497739129509,253,False,914.0,4.652539403508686,0.05049214657365951,92.14382273729277,4.53414477962903,0.15287643165965015,0.7889454082554447,1.471376821975742,60.48612473714098,367051.17143019533,12.813259273418977,0.02328159645232816,0.6741490692766601,yam,yam_fold_tshirt,yam_bimanual,left,0.0
43,yam__fold_clothes__2026-07-08-22-26-15-999000,1,43,0,0.1948529411764706,-0.8729590861521334,252,False,939.0,3.9486034044672196,0.04188578025707099,94.2707377117711,4.556722709068272,0.1262879553667554,0.604302428885455,1.011371088253041,38.70647075488554,300108.4332191015,12.611902464520243,0.032502708559046585,0.694801896289104,yam,yam_fold_tshirt,yam_bimanual,left,0.0
44,yam__pack_items__2026-07-06-17-20-20-203000,1,44,0,0.19852941176470587,-0.8637418301646052,271,False,1100.0,4.81744978463203,0.0599032998007889,80.42044095488353,4.399626358865664,0.1315045437115204,0.5587993816665788,0.986415650881118,40.68307658809108,415736.2117436784,12.937808637096051,0.040149393090569564,0.6936612239519355,yam,yam_pack_items,yam_bimanual,right,0.0
45,yam__fold_clothes__2026-07-08-22-14-35-136000,1,45,0,0.20955882352941177,-0.8583957056662184,268,False,1051.0,5.287988762316318,0.05917190750118417,89.36654209111803,4.5038740892791385,0.15108539320903766,0.7281733171017226,1.140940801685847,43.25328049154334,351198.1303926127,12.769108664636994,0.01532567049808429,0.9107964235841246,yam,yam_fold_tshirt,yam_bimanual,left,0.0
46,yam__fold_clothes__2026-07-08-22-20-29-153000,1,46,0,0.21323529411764705,-0.853745943122971,258,False,904.0,5.0381708697706635,0.04755867190488661,105.93590333738895,4.672229620739207,0.16738109201895895,0.705779714739801,1.2458881174030496,49.52405605026551,268511.58083151997,12.500653047816664,0.01452513966480447,0.8239911753543447,yam,yam_fold_tshirt,yam_bimanual,left,0.0
47,yam__fold_clothes__2026-07-08-22-24-06-405000,1,47,0,0.21691176470588236,-0.8485127029550973,200,False,1100.0,4.833134771285817,0.05890618258514442,82.04800513596153,4.4194188157342325,0.13193270531262463,0.6478071751561494,1.0952361440907372,37.61212903130452,383107.1649237491,12.856072643235704,0.04197761194029851,0.7726207327376846,yam,yam_fold_tshirt,yam_bimanual,left,0.0
48,yam__pack_items__2026-07-06-21-13-03-316000,1,48,0,0.22058823529411764,-0.8481924078767957,261,False,814.0,4.217722389695171,0.03479960539562209,121.20029355924179,4.8056614490197305,0.15563551253487717,0.6177608089034918,1.1790249063768816,47.56196078362139,224848.2100130952,12.323185278797508,0.02360248447204969,0.6352732335655561,yam,yam_pack_items,yam_bimanual,right,0.0
49,yam__fold_clothes__2026-07-08-22-22-13-384000,1,49,0,0.22426470588235295,-0.8291330958313451,220,False,864.0,4.39682380414002,0.03835955190504416,114.6213546765089,4.750320668213514,0.1528443964359219,0.7556323937617003,1.239123301667707,49.43013580173926,268086.4779461298,12.499068616479512,0.020214030915576695,0.7474219310038289,yam,yam_fold_tshirt,yam_bimanual,left,0.0
50,yam__pack_items__2026-07-06-18-26-21-495000,1,50,0,0.22794117647058823,-0.8162068480223528,223,False,1260.0,4.509702583380862,0.06153023686732513,73.29246258396388,4.308009500870669,0.10745915607738353,0.5336378665539049,0.8272078717755371,37.129321400238766,609255.3456330518,13.319994386916267,0.049099836333878884,0.726052706567535,yam,yam_pack_items,yam_bimanual,right,0.0
51,yam__pack_items__2026-07-06-18-23-08-590000,1,51,0,0.23161764705882354,-0.8151451224869782,204,False,1109.0,4.212590833625857,0.050953045976578515,82.67593728473564,4.42695144852537,0.11405931859997807,0.5040838872062074,0.8964556181365899,37.8696192701367,453507.34486886195,13.024768949401906,0.055924170616113746,0.6601481806101643,yam,yam_pack_items,yam_bimanual,right,0.0
52,yam__fold_clothes__2026-07-09-22-27-58-327000,1,52,0,0.23529411764705882,-0.8051815500754572,232,False,981.0,4.849331185551292,0.04034002919846069,120.21139503132373,4.797536087626022,0.1484489138434069,0.668681002561111,1.217845379487496,45.152838715129164,325073.3714886024,12.691809270482606,0.013485477178423237,0.671944157616963,yam,yam_fold_tshirt,yam_bimanual,left,0.0
53,yam__pack_items__2026-07-06-18-04-12-468000,1,53,0,0.23897058823529413,-0.8051181055023389,221,False,1007.0,4.711769730273922,0.04889323690693984,96.36853741637096,4.578503133992269,0.14051003171791018,0.6586158423566628,1.1870124151299655,49.39935413536295,395925.9629436362,12.888985036215,0.04020618556701031,0.6833259262743169,yam,yam_pack_items,yam_bimanual,right,0.0
54,yam__fold_clothes__2026-07-08-22-15-38-200000,1,54,0,0.2426470588235294,-0.8050195182000784,243,False,1253.0,5.1563871891375985,0.06789701897792866,75.94423535463007,4.3430809433088315,0.12355560357358462,0.6822996442212614,1.0219970301580652,39.897638695971025,563080.6356767653,13.24117989781224,0.04100418410041841,0.8501097790858619,yam,yam_fold_tshirt,yam_bimanual,left,0.0
55,yam__pack_items__2026-07-06-18-22-04-333000,1,55,0,0.24632352941176472,-0.7945978659812509,219,False,1197.0,4.436647419883272,0.05174526763581233,85.74015794272783,4.462916959280912,0.11128714263921254,0.7009828373420093,0.9290769417378407,37.371935427697906,534397.5375824714,13.188897164641082,0.05258545135845749,0.5843895148197393,yam,yam_pack_items,yam_bimanual,right,0.0
56,yam__pack_items__2026-07-06-18-41-46-823000,1,56,0,0.25,-0.7926505384638718,198,False,1016.0,4.538417548059238,0.051561962280140206,88.0187127751589,4.488846603532128,0.1341404201396819,0.6695424548371172,1.0109823979266184,43.149343106489376,368760.98565999203,12.817906689592665,0.07048008171603677,0.6494704085938905,yam,yam_pack_items,yam_bimanual,right,0.0
57,yam__fold_clothes__2026-07-08-22-17-39-357000,1,57,0,0.2536764705882353,-0.7830562960575186,269,False,1133.0,5.425593617989137,0.05787419736037186,93.74805812346693,4.551221349013381,0.1437878167311609,0.6237014977471579,1.0970193590417747,41.88979960603601,415347.16781776346,12.936872406080802,0.035422343324250684,0.8352472538762364,yam,yam_fold_tshirt,yam_bimanual,left,0.0
58,yam__pack_items__2026-07-06-17-17-16-458000,1,58,0,0.25735294117647056,-0.7685396198101045,228,False,957.0,4.875831425617379,0.047758989757669436,102.09243223856903,4.635625986181115,0.15300726231016876,0.7916584521079769,1.1913089551356482,50.79349009996732,337636.69494404213,12.729728691110846,0.05555555555555555,0.7074213653554915,yam,yam_pack_items,yam_bimanual,right,0.0
59,yam__pack_items__2026-07-06-18-25-08-275000,1,59,0,0.2610294117647059,-0.7658264000010108,231,False,1124.0,4.250488765137767,0.04434956604104522,95.84059427332319,4.573066268702445,0.11354823059139184,0.6108745937923626,0.9222860764736591,38.396198337609604,474464.99212810624,13.069945223500739,0.04902867715078631,0.6526563578825233,yam,yam_pack_items,yam_bimanual,right,0.0
60,mecka__flagship__6919bb1f23e5ac6d83812215,1,60,0,0.2647058823529412,-0.7535855840606591,6,False,1460.0,12.186685238988636,1.2161714625475624,10.020532148863866,2.399760091929461,0.25058297270024615,23.545506437101967,26.581849919447485,1373.2556497073272,12975196.732017651,16.37855022636197,0.08916323731138547,2.172806781324731,mecka,unknown,human_bimanual,right,0.1742
61,yam__pack_items__2026-07-06-17-24-19-935000,1,61,0,0.27205882352941174,-0.7274176977522203,159,False,1065.0,4.262336835301393,0.041059264044590975,103.80938223033982,4.652143292978471,0.12017867016827234,0.5584524941218434,0.8999704235923023,40.050597378492185,419791.6004554854,12.94751605985669,0.05973025048169557,0.6706064797054423,yam,yam_pack_items,yam_bimanual,right,0.0
62,yam__fold_clothes__2026-07-09-22-29-14-039000,1,62,0,0.2757352941176471,-0.7261313178889706,202,False,1048.0,4.993964546861765,0.03780120226018261,132.11126229501147,4.891185337110737,0.14309354002469243,0.7290825511064272,1.2132248290874512,42.118322240681074,359023.76403378346,12.791146645686862,0.024084778420038536,0.6805177270866999,yam,yam_fold_tshirt,yam_bimanual,left,0.0
63,yam__pack_items__2026-07-06-18-35-47-656000,1,63,0,0.27941176470588236,-0.7250642501268404,218,False,1024.0,4.31067770606935,0.03703069436211309,116.4082332325828,4.765657034684447,0.1264128359551129,0.6561671899465837,0.9274284366447296,40.485825214198584,372955.00603257975,12.82921574537639,0.05194805194805195,0.6265327911658987,yam,yam_pack_items,yam_bimanual,right,0.0
64,yam__pack_items__2026-07-06-18-24-09-814000,1,64,0,0.28308823529411764,-0.7137683616932409,211,False,1121.0,4.22165710222374,0.03954985835913655,106.742660463877,4.679745610319305,0.1130801009524216,0.7529701863874227,0.9597351125273663,38.36321813367824,473481.7507954473,13.067870761790429,0.05468025949953661,0.6409767183917958,yam,yam_pack_items,yam_bimanual,right,0.0
65,yam__fold_clothes__2026-07-08-22-07-10-737000,1,65,0,0.2867647058823529,-0.7021944645364414,210,False,1081.0,5.521660124052644,0.041493157989849976,133.0739907867063,4.89839181761117,0.15337944789035127,0.6365764166408654,1.1289164998761463,44.364014095936895,375379.9004970097,12.835696524101843,0.013023255813953489,0.8675616667372928,yam,yam_fold_tshirt,yam_bimanual,left,0.0
66,yam__fold_clothes__2026-07-08-22-19-39-029000,1,66,0,0.29044117647058826,-0.6969295203914047,266,False,1199.0,5.106695613211649,0.0441237706735515,115.73570289342213,4.759912429893288,0.12788052453785428,0.572990968868055,1.0167076239280453,40.79734127930482,509379.74607908924,13.140951043559703,0.025466893039049237,0.8034152657995897,yam,yam_fold_tshirt,yam_bimanual,left,0.0
67,yam__pack_items__2026-07-06-18-37-54-664000,1,67,0,0.29411764705882354,-0.6812510630236815,230,False,989.0,4.594112617814439,0.03279037328590397,140.10552968573157,4.949508047925959,0.13949734669477037,0.631940361628385,1.1131155329803608,47.75729208369122,371880.56220438983,12.826330701390242,0.04020618556701031,0.6061763443339918,yam,yam_pack_items,yam_bimanual,right,0.0
68,yam__pack_items__2026-07-06-21-15-50-319000,1,68,0,0.2977941176470588,-0.6766999307820756,255,False,1007.0,4.3156752082777246,0.03678366881842476,117.32584994664872,4.773442258920104,0.12869806784128401,0.60673922591615,1.0147891384161178,44.982500009593934,393614.9675609601,12.88313101132762,0.06438213914849429,0.6888719711461038,yam,yam_pack_items,yam_bimanual,right,0.0
69,yam__fold_clothes__2026-07-08-22-11-03-310000,1,69,0,0.3014705882352941,-0.6717951704585741,251,False,1048.0,5.411633302865599,0.03552230378031061,152.34466031071926,5.032688069678307,0.15506112615660744,0.6849625043549893,1.112841343341376,41.69325056759458,327970.65159613814,12.700682455570606,0.013474494706448507,0.8487451378373511,yam,yam_fold_tshirt,yam_bimanual,left,0.0
70,yam__pack_items__2026-07-06-18-21-00-343000,1,70,0,0.30514705882352944,-0.6684934010426195,262,False,889.0,4.126510491483196,0.023979926375681717,172.0818665927153,5.153764699864716,0.13940913822578366,0.6788989964921549,1.0565631187504008,44.05560217029822,277348.414375965,12.533033413982919,0.029137529137529136,0.6167346103514597,yam,yam_pack_items,yam_bimanual,right,0.0
71,yam__pick_hat__2026-07-02-23-09-13-663000,1,71,0,0.3088235294117647,-0.6584177466914038,257,False,379.0,1.7759558940085367,0.006794737750860531,261.3722499861923,5.569764296851727,0.140948880476868,0.685927227485969,1.237787824044175,48.483958687578216,54826.94910976727,10.911955363171211,0.07624633431085044,0.6191913408476832,yam,yam_pick_hat,yam_bimanual,left,0.0
72,yam__fold_clothes__2026-07-08-22-08-06-293000,1,72,0,0.3125,-0.6497858159671765,265,False,1073.0,5.335163595537843,0.03849993790801315,138.57590129846452,4.93860854862472,0.14930495136766353,0.8234595841980621,1.1182259514720547,43.891512194109055,375889.5329064144,12.837053244096555,0.023607176581680833,0.9450272583107047,yam,yam_fold_tshirt,yam_bimanual,left,0.0
73,yam__pick_hat__2026-07-02-23-05-40-137000,1,73,0,0.3161764705882353,-0.649371029271115,49,False,388.0,1.6520917419495424,0.006096958597925921,270.9698147715084,5.605691085033056,0.12806912728291026,0.6666893992476448,1.498550500379011,74.84982396442945,97634.32711504567,11.488994665056097,0.04093567251461988,0.5639572420742419,yam,yam_pick_hat,yam_bimanual,left,0.0
74,yam__pack_items__2026-07-06-18-32-18-020000,1,74,0,0.31985294117647056,-0.6398554423443251,249,False,1051.0,4.67708558902842,0.03502437502081087,133.53801705953003,4.901846813820271,0.13363101682938341,0.6272471191512144,1.1317063558385203,50.66180854870124,465081.4728998362,13.049970029917795,0.04470359572400389,0.6945586055207628,yam,yam_pack_items,yam_bimanual,right,0.0
75,yam__pack_items__2026-07-06-21-14-01-670000,1,75,0,0.3235294117647059,-0.6392004790831749,215,False,903.0,4.318046944997574,0.028676420224592575,150.57831176900058,5.021102400764138,0.1436157520509171,0.6823473538676585,1.1065503476925362,47.78104266225704,301262.5371636706,12.615740699420272,0.05471478463329453,0.6940737087814813,yam,yam_pack_items,yam_bimanual,right,0.0
76,scale__2026-04-30-09-44-25-441677,1,76,0,0.33088235294117646,-0.6225288711629278,64,False,1614.0,28.17808048347592,0.7621227232593092,36.97315356635606,3.636879424952294,0.5240808521415236,3.4795962480140403,10.673440142719286,426.5359272756658,2354979.031659425,14.672042806271197,0.017990074441687345,1.9439398649615867,scale,freeform_hang_shirt_on_hanger_and_place_on_rack,human_bimanual,right,0.0
77,yam__pack_items__2026-07-06-17-19-16-960000,1,77,0,0.3382352941176471,-0.6068936394584755,196,False,1133.0,5.614814133917196,0.042372335545708434,132.51132045483573,4.894186271659707,0.14880249471512005,0.7314721256756906,1.0949853086321322,45.961639702281715,440362.53356820863,12.99535587742367,0.0482695810564663,0.8486118155077962,yam,yam_pack_items,yam_bimanual,right,0.0
78,yam__pack_items__2026-07-06-18-07-17-597000,1,78,0,0.34191176470588236,-0.5936827745190248,237,False,1148.0,4.837729618414272,0.03304680118520036,146.39025397050517,4.993083857966154,0.12653172498032098,0.5976196315112431,0.9825550608640247,43.32385856967541,501163.2729698971,13.124689216482247,0.0423042304230423,0.6932265364524346,yam,yam_pack_items,yam_bimanual,right,0.0
79,yam__pack_items__2026-07-06-16-59-15-192000,1,79,0,0.34558823529411764,-0.5423354226696385,48,False,1100.0,4.0979266834387325,0.02620658473748317,156.3701155449487,5.0586004548372525,0.11186333075810917,0.7281020151138796,1.0648624062499155,45.66662604961647,548600.2542901493,13.215127143830363,0.05257936507936508,0.6686388113110951,yam,yam_pack_items,yam_bimanual,right,0.0
80,yam__pack_items__2026-07-06-17-14-12-007000,1,80,0,0.3492647058823529,-0.5343565164858086,259,False,1115.0,4.071666739745945,0.026262801785630722,155.03550508360814,5.050083578043135,0.10964991220141682,0.7026107876333056,0.8748611285618652,34.50843032892941,434539.0181242861,12.982043320998363,0.07293666026871401,0.6680482542026214,yam,yam_pack_items,yam_bimanual,right,0.0
81,yam__pick_hat__2026-07-02-23-04-15-262000,1,81,0,0.35294117647058826,-0.5299960964723155,186,False,323.0,0.9697793291950145,0.0036478193128719654,265.851799669183,5.586693446880064,0.0903521114156846,0.7045159497132689,1.591981988935394,77.11738541528281,98786.34215922744,11.500724759731137,0.11743772241992882,0.3856623981602606,yam,yam_pick_hat,yam_bimanual,left,0.0
82,yam__pick_hat__2026-07-02-23-06-13-771000,1,82,0,0.35661764705882354,-0.5056281999808364,208,False,418.0,1.6590149840454433,0.004068756235661672,407.74499329907627,6.013091473326846,0.11935359597449234,0.5558562460914166,0.9628025623661133,37.806695570816146,61421.356030175935,11.025529152591186,0.059850374064837904,0.5855015517749564,yam,yam_pick_hat,yam_bimanual,left,0.0
83,yam__pack_items__2026-07-06-18-40-37-918000,1,83,0,0.3602941176470588,-0.5048407130978527,226,False,1013.0,4.204575162993244,0.020766116400531737,202.47286887429667,5.315532673509389,0.12464155621521472,0.7294533476352291,1.0340764377132645,45.47542431129337,415791.0871019767,12.93794062368619,0.04591836734693878,0.6209622924815832,yam,yam_pack_items,yam_bimanual,right,0.0
84,yam__pick_hat__2026-07-02-23-08-44-089000,1,84,0,0.36764705882352944,-0.4658526431124183,256,False,449.0,1.8348307274017692,0.0033304639910125416,550.9234546156845,6.313409367487152,0.12286812906708275,0.5663707642536991,0.91041223138973,36.80095210628572,67016.6273554718,11.112710958627508,0.014778325123152709,0.5973453120638061,yam,yam_pick_hat,yam_bimanual,left,0.0
85,scale__2026-04-30-09-46-55-687500,1,85,0,0.3713235294117647,-0.4561310851504472,57,False,823.0,30.77419395834498,0.44146565317981284,69.70914664976299,4.258574937232805,1.1231457649031014,3.679805467217948,16.429440110656376,605.9342196785975,405771.5024657934,12.913547942781237,0.008526187576126675,3.0462256470860094,scale,freeform_sort_laundry_by_type_and_color,human_bimanual,left,0.0
86,yam__fold_clothes__2026-07-08-22-05-50-932000,1,86,0,0.375,-0.45599624715825154,229,False,1151.0,5.587194480878898,0.024949429278804894,223.9407730911643,5.4158371368472,0.1457528995011886,0.8200007997870071,1.12563956800879,40.052703030485006,404327.7330430317,12.909983521723523,0.02543859649122807,0.8629734422379377,yam,yam_fold_tshirt,yam_bimanual,left,0.0
87,yam__fold_clothes__2026-07-08-22-16-41-965000,1,87,0,0.3786764705882353,-0.4469454619472689,192,False,1103.0,5.575250385524329,0.022547266803430787,247.26945550118742,5.514514670453409,0.15177632628469137,0.7250723904743813,1.139701354472312,43.40301661648433,386390.9075986681,12.864607438033563,0.019498607242339833,0.8134436682352422,yam,yam_fold_tshirt,yam_bimanual,left,0.0
88,mecka__flagship__6919ab39e2e164a8f6cb5a36,1,88,0,0.38235294117647056,-0.4439823331576777,90,False,2675.0,26.684051242118635,0.8144370782664034,32.76379717254259,3.519389138892868,0.29937230264157033,1.7677109269094766,5.676171963542551,214.50742043012758,5695796.743381858,15.555239222908018,0.052749719416386086,1.8896073783879594,mecka,unknown,human_bimanual,right,0.0085
89,yam__pack_items__2026-07-06-18-34-50-746000,1,89,0,0.3860294117647059,-0.42939544993971196,222,False,1108.0,4.420294045496414,0.02026583995637064,218.1155113734567,5.389599039957934,0.11979116654461823,0.619936427788113,0.9193739599113665,38.90849228064483,442853.4349204882,13.000996405685695,0.0545790934320074,0.6937988712714698,yam,yam_pack_items,yam_bimanual,right,0.0
90,yam__fold_clothes__2026-07-08-22-10-08-126000,1,90,0,0.3897058823529412,-0.41494164939716666,244,False,1267.0,5.602239676483279,0.02490317809943803,224.96083247341434,5.420361676613022,0.13275449470339523,0.8356737244553076,1.116705714709812,42.02745786314533,564446.4506298963,13.24360256812337,0.01990049751243781,0.8604972955927402,yam,yam_fold_tshirt,yam_bimanual,left,0.0
91,yam__fold_clothes__2026-07-08-22-13-40-281000,1,91,0,0.39338235294117646,-0.3889816748646564,264,False,1137.0,5.472898115956575,0.023219851086324354,235.6991048568745,5.466789734750534,0.144530760104487,0.7220464768324308,1.1718225134055928,44.236637695880084,439449.1932526576,12.99327966375298,0.04809437386569873,0.795620916956571,yam,yam_fold_tshirt,yam_bimanual,left,0.0
92,yam__pack_items__2026-07-06-21-14-51-471000,1,92,0,0.39705882352941174,-0.3378572388151138,213,False,914.0,4.20205939781054,0.011969465484973235,351.06491623088016,5.8638155797050695,0.13807424089191261,0.5353575572565721,0.961151709670456,40.70668466126733,273504.4894739944,12.519076971845653,0.048152295632698766,0.651897237220522,yam,yam_pack_items,yam_bimanual,right,0.0
93,scale__2026-04-30-09-47-51-763599,1,93,0,0.40808823529411764,-0.24175397277492905,147,False,1000.0,33.73170082188396,0.39407198475087457,85.5978149352803,4.461274583555842,1.012963988645164,4.048071784529018,15.249005586731483,599.8534843208577,657643.8468873656,13.39642031822016,0.011022044088176353,3.2648999530845977,scale,freeform_sort_laundry_by_type_and_color,human_bimanual,left,0.0
94,yam__pack_items__2026-07-06-17-16-08-162000,1,94,0,0.4227941176470588,-0.19495102365436065,188,False,991.0,4.248966460821427,0.009273018224321925,458.2074959884084,6.12950216888869,0.1287565594188311,0.7936059807110107,1.0258618706370366,42.191332603094025,357387.02723258024,12.786577381517297,0.043704474505723206,0.6805783551677909,yam,yam_pack_items,yam_bimanual,right,0.0
95,yam__pack_items__2026-07-06-17-15-12-100000,1,95,0,0.4264705882352941,-0.17683643235951324,203,False,1090.0,4.102201323037452,0.00939625637096971,436.578267033182,6.081255585873519,0.11300830091012265,0.5910784665673106,0.8844814264877389,37.61303618069312,439176.0761145122,12.99265797317618,0.04609595484477893,0.6801568281914359,yam,yam_pack_items,yam_bimanual,right,0.0
96,mecka__flagship__6919a4dd3fe0708a884fa8ea,1,96,0,0.4375,-0.10178221728508824,67,False,3488.0,27.176572155542367,1.141273775329095,23.81249157127596,3.2113472187506646,0.2338104859954893,1.5791664996012063,5.988983508767713,233.18724820918212,13479970.378990533,16.416715540225894,0.13625932300631097,2.5840532303096087,mecka,unknown,human_bimanual,right,0.0091
97,yam__fold_clothes__2026-07-08-22-09-05-861000,1,97,0,0.4411764705882353,-0.09646941794320338,246,False,1213.0,5.786943647804268,0.012602109556683939,459.2043595379612,6.131670650694077,0.14324117940109574,0.6672986266167404,1.1860127926003312,44.728556149796304,510289.40244597464,13.142735259205148,0.045337895637296836,0.83439999315019,yam,yam_fold_tshirt,yam_bimanual,left,0.0
98,mecka__flagship__6919c30ce7e9255d40a3c6a3,1,98,0,0.44485294117647056,-0.09609548125292233,111,False,2629.0,22.507708557684836,0.30247642291986315,74.4114478094312,4.322959091200539,0.2569373123023383,2.669422804967786,9.54309414812593,411.5386134541482,12298138.196404856,16.324958524052807,0.14845831747240198,0.46017876870100244,mecka,unknown,human_bimanual,right,0.0769
99,mecka__flagship__6919b063e4a786d79354fd85,1,99,0,0.45955882352941174,-0.02811385288092767,104,False,3116.0,43.314969152394134,1.0509286858731883,41.21589764809293,3.7427968716190207,0.41715861141952626,4.890127625986559,12.882529885218638,530.2635872647271,13711128.933057932,16.43371846484979,0.1178548490687219,1.7713510933738592,mecka,unknown,human_bimanual,right,0.0287
100,mecka__flagship__6919c34be4a786d79354fe8c,1,100,0,0.4632352941176471,-0.02765120518294428,23,False,2792.0,23.476260387452584,0.2834135959568044,82.83392442129222,4.428837751597828,0.2523424620650582,2.8648008402840457,9.821231313893046,432.4652531262327,14841278.99750762,16.512923045185236,0.15017921146953406,0.3825519341241871,mecka,unknown,human_bimanual,right,0.1264
101,yam__pack_items__2026-07-06-17-18-18-477000,1,101,0,0.4742647058823529,0.005354351367547962,194,False,1184.0,5.110167542974606,0.007282466464123513,701.7083522662874,6.554941944090639,0.12959004758177364,0.5746134853531314,0.9926333579399862,42.186466201726326,506848.8309229744,13.13597004722654,0.026816608996539794,0.7129173968022041,yam,yam_pack_items,yam_bimanual,right,0.0
102,mecka__flagship__6919c34819dfc7da00b1e40e,1,102,0,0.4963235294117647,0.09164369901134195,8,False,2778.0,23.162059246053417,0.20625329037796447,112.29910176758075,4.730031240090626,0.2502203015418086,2.7431460020836305,7.847088390493193,314.5740121618989,10778144.614768794,16.193031087754402,0.13472622478386168,0.8029235126693371,mecka,unknown,human_bimanual,left,0.0486
103,mecka__flagship__6919c37b184bf01d5885f09a,1,103,0,0.5,0.09616017887248132,82,False,3204.0,31.565764875215933,0.2848941612491546,110.7982162105809,4.716695605411074,0.295651872075079,3.0216921047338956,8.730562762303217,339.5449379086033,13097586.773068905,16.38793863175524,0.1267957526545909,0.5248125961935564,mecka,unknown,human_bimanual,right,0.0285
104,mecka__flagship__6919981ce505b65c9daf6564,1,104,0,0.5183823529411765,0.15993125536989453,54,False,2906.0,50.55465752451141,0.7392725692734022,68.38432754809138,4.239661014172513,0.5220790794269682,7.526852928925614,25.573231589333613,1216.1155274562589,21853069.130735192,16.89985197905115,0.12706611570247933,1.1486149892472695,mecka,unknown,human_bimanual,right,0.0441
105,mecka__flagship__6919a67a305cc0c53d1ce466,1,105,0,0.6286764705882353,0.45826454438930136,89,False,3046.0,41.54872723369131,0.2854859340214356,145.53686287945678,4.987277020555734,0.40934706634178625,8.165794577090333,11.20037106222172,466.3926534186844,11743726.70068231,16.278829843317826,0.07687253613666228,2.3507927710664656,mecka,unknown,human_bimanual,right,0.0139
106,mecka__flagship__6919a72233263918bfb8fd8e,1,106,0,0.6470588235294118,0.4913397675855636,98,False,3521.0,46.97132917046197,0.3054618457130996,153.77150969806908,5.041949898338999,0.40032382815734624,9.747258022103207,12.27858912223474,578.6540148339934,19908353.195191883,16.80665001040327,0.06706450696220517,1.906421784671047,mecka,unknown,human_bimanual,right,0.0214
107,scale__2026-04-30-09-42-45-274476,2,1,9,0.029411764705882353,-1.2505564680985,88,False,835.0,10.36622461277856,0.4939949658481049,20.984474193945527,3.0903364857648037,0.3728857774380777,2.2601597999076275,8.500285243212335,364.83779934699476,757518.5990464773,13.537804689359636,0.022809123649459785,1.109329905567942,scale,freeform_hang_shirt_on_hanger_and_place_on_rack,human_bimanual,right,0.0
108,scale__2026-04-30-09-01-39-214009,2,2,9,0.20404411764705882,-0.8628820678578668,30,True,511.0,3.1871666337380207,0.03555276316641303,89.6461020151863,4.506962935892272,0.18748039021988358,1.8363815674942878,5.792831168244864,274.53385136054317,424435.2786509828,12.958517164281064,0.03536345776031434,0.6723032467606228,scale,freeform_placing_utensils_into_a_drawer,human_left_arm,left,0.0
109,scale__2026-04-30-09-17-09-518391,2,3,9,0.20404411764705882,-0.8628820678578668,273,False,511.0,3.1871666337380207,0.03555276316641303,89.6461020151863,4.506962935892272,0.18748039021988358,1.8363815674942878,5.792831168244864,274.53385136054317,424435.2786509828,12.958517164281064,0.03536345776031434,0.6723032467606228,scale,freeform_placing_utensils_into_a_drawer,human_left_arm,left,0.0
110,mecka__flagship__6919a4ddc5f67a370a3f0878,2,4,9,0.5257352941176471,0.1750208523534966,42,False,2969.0,26.138421057515856,0.25534768217720755,102.36404276180653,4.638257152676953,0.2642023691797425,13.160025260380818,11.256116514455186,545.7064785771457,20226794.552251827,16.822518795818745,0.08223795079204584,1.4672678209260523,mecka,unknown,human_bimanual,right,0.0097
111,mecka__flagship__6919cae26c4a65fef152e853,2,5,9,0.5441176470588235,0.22239263350685043,117,False,3412.0,79.1782160345058,1.8515412127850046,42.76341001095487,3.7787980803737513,0.6963783292392771,10.098378646934831,26.900639640137975,1304.7725867237941,24232677.573236942,17.003212634484523,0.0653958944281525,2.3614779927687017,mecka,unknown,human_bimanual,right,0.0517
112,scale__2026-04-30-09-46-32-799264,3,1,8,0.0,-1.9141049021570276,131,False,473.0,3.2855638012916866,0.5095911279656518,6.44745094838689,2.007871819264294,0.2088282077092174,1.1230615171881246,3.7537899875199217,153.7706183600596,182852.73996382297,12.116441877094482,0.04883227176220807,0.8765247242332,scale,freeform_hang_shirt_on_hanger_and_place_on_rack,human_bimanual,left,0.0
113,mecka__flagship__6919a71058534bb69bfa91fd,3,2,8,0.3639705882352941,-0.49737899426223614,96,False,2377.0,23.48311269893855,0.7318529383240179,32.0872014980443,3.499146545919606,0.2965039482189211,1.1549331712170112,5.753805500331871,216.1781013084233,4576206.179598622,15.336381086278815,0.06736842105263158,1.7787768810836029,mecka,unknown,human_bimanual,right,0.0088
114,mecka__flagship__6919a705c21d5a0ed3440b11,3,3,8,0.4117647058823529,-0.20700637784871892,72,False,3581.0,34.50640031155214,0.8936737511034594,38.611853899642384,3.6791284143669465,0.289159779147085,3.68439705211869,4.883234388903496,201.6291978970535,9933927.19234312,16.111466546149693,0.036881810561609385,2.211339078654602,mecka,unknown,human_bimanual,right,0.0047
115,mecka__flagship__6919d102a950c44cad111481,3,4,8,0.5220588235294118,0.17425528519299482,3,True,3543.0,43.097024099892124,0.49330528783450533,87.3637991781478,4.481462374211427,0.36502279023059386,5.18441752490678,11.294487283684846,458.44099609566575,17514668.12415718,16.678549323436552,0.11635131318836486,1.0209433884081742,mecka,unknown,human_bimanual,right,0.0153
116,mecka__flagship__6919be3494bc79c44285c8c2,4,1,6,0.26838235294117646,-0.742699068236384,36,False,1563.0,24.13958352992089,1.9260068120375284,12.533488136723438,2.6051672165483017,0.4636283648512335,13.107871221106047,31.709088401957093,1662.0496552047287,9727700.737362059,16.090488222496223,0.05124919923126201,2.16009839817451,mecka,unknown,human_bimanual,right,0.0784
117,mecka__flagship__6919ba98a1e6f8651843555e,4,2,6,0.47794117647058826,0.02839931120545152,16,True,3266.0,30.446764691295108,0.7023652852525342,43.348903100112686,3.792087975645053,0.27975587771480953,7.095614828756648,12.79279539108134,593.2384198681297,25128892.15048905,17.039528863603053,0.16973039215686275,1.16733007310121,mecka,unknown,human_bimanual,right,0.0097
118,mecka__flagship__6919ce3de4a786d79354fefd,5,1,5,0.41544117647058826,-0.20604864135552248,138,True,2900.0,25.08553057219944,0.5093852957457264,49.24667198230544,3.9169443155380823,0.2595950041966137,2.5812638966017496,7.785450297159157,273.8545578726186,9856033.265695341,16.103594441382445,0.15010351966873706,0.7714540024233382,mecka,unknown,human_bimanual,right,0.0068
119,mecka__flagship__6919ce42a1e6f86518435620,5,2,5,0.5330882352941176,0.19288797564232243,44,False,2608.0,29.879418191948858,0.3564356864864597,83.82835761055009,4.4406298926814936,0.343836803129446,11.463502858643103,22.465342612853483,1131.248513237437,24859646.68814896,17.028756472110093,0.14927091327705294,1.0594745184097287,mecka,unknown,human_bimanual,right,0.0341
120,mecka__flagship__6919a4d7e7e9255d40a3c54e,5,3,5,0.5625,0.27956267855686545,9,False,3140.0,36.56402764802431,0.4182029509681531,87.43129995466896,4.482225978860336,0.34944913330383226,2.0856917819735696,7.216446866305194,270.3042519386026,8472595.329352077,15.952347552047819,0.07680050987890376,2.807869887929986,mecka,unknown,human_bimanual,right,0.0129
121,scale__2026-04-30-09-59-12-839544,6,1,1,0.011029411764705883,-1.4321913800980672,17,False,486.0,9.788466050014813,0.5376317358850304,18.20663736284352,2.955255915276081,0.6054721268050399,1.8525066414494884,7.134258571668552,304.9192039839082,132029.38880637893,11.790787393302502,0.002066115702479339,2.062215914052114,scale,flagship_bagging_groceries,human_bimanual,right,0.0
122,scale__2026-04-30-10-09-30-267651,6,2,1,0.014705882352941176,-1.4225414973652215,85,False,636.0,16.61848237070781,1.0572339285581906,15.71883187041809,2.8165357410064935,0.7851251513720224,2.4633923753953746,7.224365572260912,317.6884207345649,181715.0529552245,12.110200599162125,0.0,2.0130191740738472,scale,flagship_bagging_groceries,human_bimanual,right,0.0
123,scale__2026-04-30-10-00-31-069711,6,3,1,0.04044117647058824,-1.1846876510359161,156,False,486.0,17.389736852873014,0.5989709902785751,29.032686282160725,3.402286331279938,1.075653825950908,3.2639076133036906,9.5858447032496,392.8586205389819,95751.09551661676,11.46951779209445,0.0,2.5281805860410795,scale,flagship_bagging_groceries,human_bimanual,right,0.0
124,scale__2026-04-30-09-45-04-358990,6,4,1,0.08455882352941177,-1.0353663489483163,24,False,532.0,18.90047509312614,0.6059503765135877,31.19145696694244,3.471701105763379,1.0678234515890475,3.9649108583617823,13.307328624332568,486.3644101773577,143097.55700469314,11.871288881669054,0.0037735849056603774,2.7901279038430777,scale,freeform_sort_laundry_by_type_and_color,human_bimanual,left,0.0
125,scale__2026-04-30-10-10-35-063496,6,5,1,0.08823529411764706,-1.0346965382109634,197,False,517.0,14.880948433017737,0.3177411293268583,46.83356059237078,3.867727497580296,0.865171420524287,2.0881104360831,7.381147433523384,323.81114094222875,111046.61591968524,11.617714360561596,0.003883495145631068,2.2279564703054215,scale,flagship_bagging_groceries,human_bimanual,right,0.0
126,scale__2026-04-30-09-33-02-777754,6,6,1,0.09926470588235294,-1.022335957209614,43,False,1167.0,5.781311309090548,0.11082243747557655,52.16733579212833,3.9734442189094743,0.14874728925618905,0.6130627795581518,2.0227235509104116,88.56044932322307,900540.6506453176,13.710751695327318,0.0068669527896995704,0.5235454115960262,scale,flagship_sort_utensils,human_left_arm,left,0.0
127,scale__2026-04-30-10-03-01-902883,6,7,1,0.10294117647058823,-1.0199648699855763,66,False,484.0,14.431632308807494,0.2634161923410503,54.7864282015077,4.0215306176087475,0.8963746775656828,2.7266371202188235,9.946734540988738,425.9410570798063,123553.83418334067,11.724440337995217,0.002074688796680498,1.9361829177453902,scale,flagship_bagging_groceries,human_bimanual,right,0.0
128,scale__2026-04-30-10-13-10-897450,6,8,1,0.11029411764705882,-1.0085363733588395,81,False,535.0,5.688140322955873,0.05356730554663938,106.18679182964293,4.674573030501283,0.31955844510988046,2.1082898011429108,3.8548343277740913,100.2566181832151,99682.57691132867,11.509756217319367,0.013133208255159476,0.8168847614854728,scale,flagship_folding_clothes,human_bimanual,left,0.0
129,scale__2026-04-30-10-07-34-470780,6,9,1,0.18382352941176472,-0.8924051610470234,172,True,719.0,19.677670431183397,0.3685001166800537,53.39936011002223,3.9963523911093013,0.8221867868182478,2.615215599862522,8.38257982806881,360.54563498285466,251710.61597157663,12.436039330124384,0.002789400278940028,1.9644894810646236,scale,flagship_bagging_groceries,human_bimanual,right,0.0
130,scale__2026-04-30-10-13-46-479833,6,10,1,0.3272058823529412,-0.6253576679202553,150,False,1539.0,42.48321099158065,1.1585072933889131,36.670646127144366,3.62888117385694,0.8286712157005329,2.62053359150569,8.7026787195429,393.66407412573915,1249789.4135879446,14.038486426090799,0.0032530904359141183,2.294210957734928,scale,flagship_bagging_groceries,human_bimanual,right,0.0
131,scale__2026-04-30-10-06-08-919250,6,11,1,0.33455882352941174,-0.6116482777615995,137,False,1342.0,37.36289566261898,0.8238183377699526,45.35331874713912,3.836292891328596,0.8358589633695522,3.9049908716289132,9.326004318249439,398.7533396941686,954270.7677278297,13.768703781694255,0.0014925373134328358,2.3012333478189606,scale,flagship_bagging_groceries,human_bimanual,right,0.0
132,scale__2026-04-30-10-01-04-057028,6,12,1,0.41911764705882354,-0.20186931027306487,53,False,1492.0,38.1477927555296,0.3796030643823582,100.49390095835722,4.619998707596197,0.7675612224452636,2.5664480817322413,7.682088730620186,354.04806487849373,1140508.3073288721,13.94698548141758,0.00738255033557047,2.5653661233384266,scale,flagship_bagging_groceries,human_bimanual,right,0.0
133,mecka__flagship__6919c34bb9052da48a361e59,6,13,1,0.48161764705882354,0.03474669609936013,84,False,3474.0,33.6399678084442,0.5689446420038731,59.12696126280629,4.096458347649526,0.2905842309972145,4.631376146008541,9.314910048623815,380.9958558619309,17579347.787576526,16.682235406735234,0.14256912442396313,1.0155580838687177,mecka,unknown,human_bimanual,right,0.0345
134,scale__2026-04-30-10-11-28-209479,6,14,1,0.4852941176470588,0.05511270237608724,175,False,1728.0,44.600580615346914,0.24207183647494046,184.24522763499593,5.221680502089948,0.7747639944762058,3.4078949653085306,9.062572632670394,386.17440912746855,1653229.3591897304,14.318241725345203,0.0011587485515643105,2.254657370924288,scale,flagship_bagging_groceries,human_bimanual,right,0.0
135,mecka__flagship__6919ce9aa6a3fc2efb40b7d7,6,15,1,0.4889705882352941,0.08309660846579871,4,False,2967.0,27.323405862050066,0.39782111889746097,68.68264293704507,4.24395126146106,0.2763662089890432,10.650916371475729,15.16423252199905,755.8837014563048,26747878.9557263,17.101965774173987,0.1403035413153457,0.9184442284309635,mecka,unknown,human_bimanual,right,0.0103
136,mecka__flagship__6919b070aefd2d0c9b0a39a8,6,16,1,0.5073529411764706,0.11042479132592045,136,False,3167.0,41.275115349886505,0.9272229573736862,44.51476855879006,3.81803685700068,0.3911097474720767,19.903857831994756,22.32090323265285,1122.2311618290123,31971915.755619925,17.28036847405957,0.11121642969984202,1.8256438838202662,mecka,unknown,human_bimanual,right,0.0362
137,mecka__flagship__6919cea1c3b1a4e5a90aca90,6,17,1,0.5110294117647058,0.1350904455490618,169,False,2926.0,35.461444873081945,0.501310457166376,70.7374928373236,4.273013523588839,0.36370712690340457,10.593115144937387,20.067983957615994,968.3635176221698,25323191.569784578,17.04723123614577,0.1378248974008208,1.0352284843570898,mecka,unknown,human_bimanual,right,0.024
138,mecka__flagship__6919be0594bc79c44285c8bc,6,18,1,0.5147058823529411,0.14045011029604215,171,False,2783.0,53.1887047721763,1.080256602137731,49.23710224674455,3.9167538422867887,0.5735661909292915,23.565721569321678,42.93425850839395,2264.3222971117616,33967257.07107996,17.340907620690636,0.07407407407407407,1.979860764356855,mecka,unknown,human_bimanual,right,0.1468
139,mecka__flagship__6919c5d158534bb69bfa9312,6,19,1,0.5294117647058824,0.18242801249805557,22,False,2824.0,29.38885690612141,0.29045727494609885,101.18134211503293,4.626749098627831,0.31231516372073764,4.664194635124987,7.800674436809483,316.4565128435743,8976992.320836864,16.0101755647079,0.09284195605953224,1.97896246847101,mecka,unknown,human_bimanual,right,0.0188
140,mecka__flagship__69199812208123403bbdb24f,6,20,1,0.5404411764705882,0.204902866284846,103,False,3046.0,47.15361863844993,0.697574559980566,67.59652851985255,4.228241928784508,0.46456767131477766,4.1110418058157014,15.734483399530806,671.1668486290823,14891122.274387224,16.516275839987287,0.1790407358738502,1.1483763538409582,mecka,unknown,human_bimanual,right,0.0
141,mecka__flagship__6919982585b31c2eca6b86d4,6,21,1,0.5477941176470589,0.23049860631841912,25,False,3237.0,56.006909756474386,0.9496144495332836,58.978577868102846,4.093987462938121,0.5192235144296141,9.50804382835694,26.096730070723066,1274.2556505477398,28567875.833180524,17.167793456891083,0.13292117465224113,1.3777259340140318,mecka,unknown,human_bimanual,right,0.0446
142,mecka__flagship__6919ce9a23e5ac6d83812312,6,22,1,0.5661764705882353,0.302388617503683,160,False,2936.0,37.829224919881895,0.39817185845120195,95.00727918600019,4.564424013447446,0.3866701013957264,9.970155391805545,26.735086972556157,1324.9864409911793,32814544.963172454,17.30638244953559,0.13496932515337423,1.0913372842520153,mecka,unknown,human_bimanual,right,0.0207
143,mecka__flagship__6919a534d71e24d18fb977d1,6,23,1,0.5698529411764706,0.30923256117197134,55,False,3283.0,30.812334854709515,0.2952824122564275,104.34869662318947,4.657275768300761,0.2816483990375641,2.254325412458005,6.1433222284071265,236.57718371986923,10057698.511454383,16.123849019691544,0.07680585187442852,2.5581983920381135,mecka,unknown,human_bimanual,right,0.0135
144,mecka__flagship__6919c34e919b0f252a0a4ecf,6,24,1,0.5882352941176471,0.36591735086028254,29,False,3476.0,24.414489333004763,0.17630711647113312,138.4770497168341,4.937900069567928,0.2107725697813361,3.4159482470180658,8.578789694857406,383.9230584936701,24450322.895944584,17.012154021075307,0.16177317213586645,0.7209127550774375,mecka,unknown,human_bimanual,right,0.0339
145,mecka__flagship__6919e372305cc0c53d1ce6f8,6,25,1,0.6139705882352942,0.413633596907669,27,False,3722.0,36.33923425293896,0.4082866679700882,89.0042146945666,4.499856499173407,0.29297958279714287,3.0601896687001355,7.589852055319259,286.8691059332917,15069479.614926497,16.528182105173084,0.1314516129032258,2.3068930280097377,mecka,unknown,human_bimanual,right,0.0069
146,mecka__flagship__6919e7dfc3b1a4e5a90acbcd,6,26,1,0.6176470588235294,0.4248693245168171,152,False,3426.0,46.30419177677133,0.3206933403880549,144.3877559812778,4.979404352346457,0.405584161548362,4.6661907288694175,11.070511570177981,414.576532630348,13328844.114757849,16.405441050348923,0.12266355140186916,1.3839220480581405,mecka,unknown,human_bimanual,right,0.0064
147,mecka__flagship__6919cc39bc700d5129d95ef4,6,27,1,0.625,0.4544178966365476,33,False,3023.0,48.90451244381438,0.25133630892985376,194.5779845818588,5.275959198003642,0.4854849018247622,9.49212941432449,17.5671555019235,827.9409992859785,17313526.297105268,16.66699867861233,0.07116848725587553,1.3340445402121943,mecka,unknown,human_bimanual,left,0.0153
148,mecka__flagship__6919e7d4d71e24d18fb97ac6,6,28,1,0.6360294117647058,0.46304380722560323,47,False,3007.0,46.2773552906714,0.21850982403331146,211.78615421710512,5.360287690581442,0.4618498532003134,7.2702242050662385,12.773363513076974,527.8040587725941,11479526.221420318,16.256075765204553,0.0875207986688852,1.3811281073192117,mecka,unknown,human_bimanual,right,0.0109
149,mecka__flagship__6919c378bc700d5129d95e6a,6,29,1,0.6433823529411765,0.47134548182381086,87,False,3203.0,26.74787669529462,0.12020847820684077,222.5123975803935,5.409466882673572,0.2506047160708428,3.265711712905419,12.435319964637264,588.618649697434,26769994.211189177,17.1027922366093,0.15620118712902217,0.2820769120656761,mecka,unknown,human_bimanual,right,0.1098
150,mecka__flagship__6919cf0923e5ac6d83812314,6,30,1,0.6617647058823529,0.49989535657513734,13,False,3541.0,81.46785927676461,1.0693885482385181,76.18172030265083,4.346162645348638,0.6904055870912256,7.489178996040606,17.085407429593975,788.0703106077203,15900421.20035232,16.5818562203192,0.07233681831025714,2.7899842233547654,mecka,unknown,human_bimanual,right,0.0158
151,mecka__flagship__6919c30f919b0f252a0a4ec9,6,31,1,0.6985294117647058,0.5768215843284771,21,False,3586.0,19.654914219683008,0.07298664189110445,269.29467790843154,5.59951276351561,0.16447626962077827,0.747075509733111,5.383541531061716,235.55963897030617,20460445.24426627,16.834004128820105,0.19252232142857142,0.2955834976773903,mecka,unknown,human_bimanual,right,0.0
152,mecka__flagship__6919ab54a950c44cad111324,6,32,1,0.7058823529411765,0.5845709725123696,38,False,3226.0,28.881263325181084,0.14046280065278746,205.6150325278876,5.330857315548168,0.26866291465284725,1.6553532043324186,4.980330136185446,186.45010328732633,8023682.557487688,15.89790817084322,0.08126550868486353,2.762952806552933,mecka,unknown,human_bimanual,right,0.0037
153,mecka__flagship__6919d1193fe0708a884faab6,6,33,1,0.7169117647058824,0.5920466952292378,99,False,3546.0,31.335139811245718,0.1686066310566929,185.84761236768603,5.230293377512606,0.26517748782436434,8.796441280122702,13.392631810429393,610.6639121430159,32169125.798530485,17.28651775549993,0.16901805869074493,0.8497514543921817,mecka,unknown,human_bimanual,left,0.0145
154,mecka__flagship__6919e7e319dfc7da00b1e57a,6,34,1,0.7536764705882353,0.6669442917895104,91,False,3128.0,49.682457250755355,0.18145644998474325,273.7982433522348,5.616037167868646,0.4766465358243239,5.917343373481582,14.543538127839794,594.5766960723049,13559164.309351992,16.42257328322439,0.10812539987204095,1.4626152170122355,mecka,unknown,human_bimanual,right,0.0157
155,mecka__flagship__6919a4d963a8657856cb1ac3,6,35,1,0.7867647058823529,0.7463429592922298,65,False,3432.0,52.187964035042924,0.4120005691492791,126.66964063375795,4.849445995022611,0.45632145760748705,10.780738712624974,17.264241774942633,851.3620714247309,24413616.610783882,17.010651633386832,0.07696793002915452,3.3179332790961373,mecka,unknown,human_bimanual,right,0.0219
156,mecka__flagship__6919ba92b9c9a8705ad32a1d,6,36,1,0.7977941176470589,0.784801441808523,62,False,3241.0,22.009772022343356,0.03794358799687468,580.0656496733056,6.364863744742731,0.20379418539206806,1.312356920642237,5.718574910771095,202.55456953901256,11598417.471076552,16.26637930808133,0.1537511577647422,0.6654683744122093,mecka,unknown,human_bimanual,right,0.0173
157,mecka__flagship__6919a428b9052da48a361cb9,6,37,1,0.8125,0.8307735916103289,34,False,3074.0,55.22601572826035,0.22339322224063263,247.2143746096849,5.514292786523307,0.5391410581997431,12.152936287480372,32.21767334447333,1651.1583219204504,32149987.43046851,17.285922648786826,0.13736979166666666,1.4640030873217895,mecka,unknown,human_bimanual,right,0.0418
158,mecka__flagship__6919cc33a6a3fc2efb40b7ab,6,38,1,0.8713235294117647,0.9876950040135386,122,False,3235.0,57.572980359123065,0.1496767402271074,384.6488123122302,5.954927142671467,0.5340721740178392,20.646376538070704,27.40110751831228,1372.3892253029696,29875570.83494918,17.212551708951565,0.08475100525827405,1.932754501714852,mecka,unknown,human_bimanual,left,0.0279
159,mecka__flagship__6919ce9ca950c44cad11145c,6,39,1,0.875,0.9955830105209212,187,False,2972.0,30.547545151612574,0.047725624089829284,640.0659128965168,6.463132279865905,0.3084572044928903,11.569388431869536,15.97284680951817,767.5820055921018,24418097.133114316,17.01083514208706,0.14713804713804715,0.97206544187787,mecka,unknown,human_bimanual,right,0.0087
160,mecka__flagship__6919a477d71e24d18fb977c8,6,40,1,0.9779411764705882,1.5085304570623066,115,False,3492.0,60.13069110174632,0.04640453332049843,1295.7934666953022,7.167649932388496,0.5167346700236005,11.418269173875386,27.78241723370617,1379.824464543667,36174284.81043035,17.403859087658883,0.11862464183381088,1.4820870432599553,mecka,unknown,human_bimanual,right,0.0295
161,mecka__flagship__6919ce9be4a786d79354ff03,6,41,1,0.9963235294117647,1.785595034146101,185,False,2956.0,34.777677154997264,0.01005495643654111,3458.75960522418,8.148954387379137,0.3530728645177387,19.69851395252189,28.117566880056785,1426.9397718989717,39231426.957012415,17.484988717141242,0.13879485443466485,1.2433996817776203,mecka,unknown,human_bimanual,right,0.014
162,mecka__flagship__6919c37719dfc7da00b1e412,7,1,2,0.43014705882352944,-0.14540428496853594,69,False,2414.0,21.861554820811612,0.2643400827766625,82.7023831996079,4.427267450203673,0.27179720042451244,2.960106934969467,8.844079512409504,353.3064986763169,8414892.747620516,15.945513758981935,0.13930348258706468,0.4242573038911592,mecka,unknown,human_bimanual,left,0.0614
163,mecka__flagship__6919d341a6a3fc2efb40b826,7,2,2,0.5588235294117647,0.2625409202108264,35,True,3538.0,47.99115820770614,0.9124970145093092,52.59322216359596,3.9814226079092894,0.40704968793643886,14.731162071488713,18.93861037613287,952.2573273638345,32532587.627388883,17.297752871901647,0.09049773755656108,2.2862607016735503,mecka,unknown,human_bimanual,right,0.0084
164,mecka__flagship__6919b3962713b08c1b70f2ea,7,3,2,0.6397058823529411,0.4692623539562589,14,False,3421.0,53.460946775071015,0.7613374540576787,70.21977769534615,4.265770556465178,0.46895567346553524,30.10509480434965,29.01086998740064,1450.762439475513,40222087.63340667,17.509926871179417,0.11377595788242176,2.2639089384568,mecka,unknown,human_bimanual,right,0.0492
165,mecka__flagship__6919d3b833263918bfb8feda,8,1,4,0.4007352941176471,-0.3275472856343075,178,False,2436.0,38.48892051274056,1.2066459735333055,31.897442461965174,3.4933949180312873,0.4741961459475223,6.939427129201661,14.385013582640832,623.2743272285785,8664510.01555579,15.974746047405134,0.07271980279375513,1.819038822551383,mecka,unknown,human_bimanual,left,0.009
166,mecka__flagship__6919c7d4184bf01d5885f0d0,8,2,4,0.4338235294117647,-0.11226711274905456,86,False,2754.0,43.62184025327311,1.2435595612555177,35.078207439643506,3.585689011023475,0.475356050707662,11.025653093963099,22.73921875573791,1110.4514461058106,19682803.729062736,16.795255956154506,0.07194767441860465,1.984734251548736,mecka,unknown,human_bimanual,right,0.0164
167,mecka__flagship__6919d3cf403630aa8cab66f1,8,3,4,0.4485294117647059,-0.057226440566933906,181,False,2882.0,46.86636558182972,1.1561682761361272,40.535938019727915,3.7265590288744233,0.4880218561106878,9.557947560048682,17.645838291737505,808.9896697603041,15295853.294820067,16.543092388523196,0.08090277777777778,1.9656815096659803,mecka,unknown,human_bimanual,right,0.0089
168,mecka__flagship__6919ba8d63a8657856cb1bb2,8,4,4,0.4522058823529412,-0.04919828142187321,77,False,3256.0,24.849985032319566,0.4476465965155012,55.512507468509384,4.034461984777483,0.22903212011354437,5.199302244496673,7.703822148199876,344.67407950912127,17724408.507145777,16.69045331570318,0.12876459741856178,1.090435946238401,mecka,unknown,human_bimanual,left,0.0127
169,mecka__flagship__691999090391c9314f9eda5e,8,5,4,0.45588235294117646,-0.032743012642285865,130,False,3175.0,35.200898887961266,0.7306591975083763,48.1769051946516,3.8954241066797173,0.33271170971608005,3.4479832006618967,7.807076632652347,339.56534708849836,11429619.14645064,16.251718802187323,0.08603844941695556,2.085242474684169,mecka,debug,human_bimanual,left,0.0
170,mecka__flagship__6919b40e403630aa8cab65a5,8,6,4,0.46691176470588236,-0.02349377720352725,7,False,3435.0,51.28155639537127,1.3974972004919846,36.69528380974055,3.629534988743706,0.4480042783521077,7.9710315966765135,14.13271002056976,590.4767148839161,17276998.975564167,16.664886693742563,0.08360034954849986,2.014164339090463,mecka,unknown,human_bimanual,left,0.0107
171,mecka__flagship__6919be26b9052da48a361df1,8,7,4,0.47058823529411764,-0.005716258758975895,52,False,3243.0,41.79981241283127,0.9926550834593239,42.1091002396948,3.7637341172745873,0.386796536824472,5.845530541663287,11.472388618720109,535.7040555317844,16181795.710366715,16.59939750856966,0.05522986732489972,2.44469889628081,mecka,unknown,human_bimanual,right,0.0131
172,mecka__flagship__6919e37c2713b08c1b70f50e,8,8,4,0.49264705882352944,0.08952970402102241,11,False,2546.0,31.693366218349475,0.9904936030306428,31.997547607956616,3.496433243794585,0.373595672514925,11.721264763203987,16.033160380914275,783.9152344922715,15109710.723032687,16.53084825551184,0.12106918238993711,3.1923088463944214,mecka,unknown,human_bimanual,right,0.0124
173,mecka__flagship__6919d3cd63a8657856cb1d17,8,9,4,0.5036764705882353,0.10429384300811481,145,False,3760.0,61.78725806680467,1.482140613178792,41.68785169059477,3.7539143760225704,0.49311458951959036,7.064636191542957,17.061271526259343,779.7963362882123,24837547.641543325,17.02786712423157,0.08036189462480042,1.8968376353329501,mecka,unknown,human_bimanual,left,0.0126
174,mecka__flagship__6919d3cf19dfc7da00b1e4b2,8,10,4,0.5367647058823529,0.1931925721576509,177,False,3676.0,60.7547783208111,1.103486123104475,55.05712944525992,4.026371339382093,0.49595737404743756,8.37929379705453,17.765836797567673,795.6329946483979,24083400.122112103,16.997033411043724,0.07784431137724551,1.8826200113401033,mecka,unknown,human_bimanual,right,0.0273
175,mecka__flagship__6919d514a6a3fc2efb40b857,8,11,4,0.5735294117647058,0.33104243233786745,46,False,2127.0,39.00350342574022,0.3216600953771954,121.25689193744309,4.806124502532334,0.5503786936840106,17.901393248679117,36.665062286021595,1845.3677134346963,16850450.494129114,16.639888009307473,0.13647058823529412,1.3610186301443208,mecka,unknown,human_bimanual,right,0.1214
176,mecka__flagship__6919b41dbc700d5129d95da9,8,12,4,0.5772058823529411,0.34516731911539494,184,False,3550.0,49.90492847607649,0.7069269503141965,70.59418013968211,4.271013787697627,0.4218506210995477,10.189658440246033,19.04677751935347,928.6555588626221,30821157.015555583,17.243711960659642,0.10315670800450959,1.9605740652092103,mecka,unknown,human_bimanual,left,0.0133
177,mecka__flagship__6919d369a6a3fc2efb40b82a,8,13,4,0.6323529411764706,0.45903569172673414,125,False,3500.0,56.46373970973855,0.7880091030696453,71.65366426578984,4.285703825988559,0.4841132298634342,16.771254022275045,27.38094031604972,1382.0027903602502,38850216.54206749,17.47522423430067,0.1043453401943968,2.2182642188048582,mecka,unknown,human_bimanual,left,0.0193
178,mecka__flagship__6919cbb2cbf468ce65a02d95,8,14,4,0.6507352941176471,0.49299747960649754,165,False,3396.0,50.731442286662855,0.3629712426451842,139.76711189832312,4.947106836172231,0.44828962256255844,9.192186365544964,18.08427421420579,852.4258270507975,24362775.306231946,17.008566964190056,0.07395403653506187,1.8330213177025008,mecka,unknown,human_bimanual,right,0.0151
179,mecka__flagship__6919bc10a630567cbcec88c2,8,15,4,0.6654411764705882,0.5062082914350575,139,False,3028.0,61.69396220984494,0.39849826932147175,154.8161358765549,5.048676695959326,0.611436691871605,14.255706283090909,26.232104542005736,1336.894953431879,22271179.75445876,16.918804057785778,0.04527428949107733,1.9242123199899903,mecka,unknown,human_bimanual,right,0.0381
180,mecka__flagship__6919b419f7961ed77b78a469,8,16,4,0.6838235294117647,0.5486845017799571,148,False,3583.0,53.477435242436385,0.29319982411593115,182.39245335048844,5.211628410396068,0.4478847172733366,2.485853808181565,10.409194809631614,395.9666973452253,12609064.327005979,16.349926583624256,0.07372242390393745,1.9610899076919897,mecka,unknown,human_bimanual,right,0.0042
181,mecka__flagship__6919ba93184bf01d5885f03e,8,17,4,0.7095588235294118,0.5890801300253725,151,False,3282.0,29.42432425614426,0.1304912659716002,225.48884047571502,5.422695674286419,0.26904289170506795,5.512022628138759,8.880267445100738,355.405927630046,15807804.456301723,16.576014392232985,0.1448170731707317,1.3315413211856242,mecka,unknown,human_bimanual,left,0.0052
182,mecka__flagship__6919d3ca4fdde36d01852080,8,18,4,0.7426470588235294,0.6305328466885413,191,True,2794.0,43.91882650670833,0.15334079108324097,286.41319896978365,5.660920898024565,0.47173820093134605,6.613858141596452,12.56962035963343,527.590014308302,9699023.200197134,16.08753584049548,0.07342406876790832,2.018884732959035,mecka,unknown,human_bimanual,left,0.0064
183,mecka__flagship__6919cdf433263918bfb8feac,8,19,4,0.8382352941176471,0.8993948341553984,18,False,2857.0,61.60201240093697,0.2199808058569383,280.03357911598454,5.63847416082775,0.6470799621947161,10.715917172883392,40.0561608204139,1950.900158233876,27338769.622369576,17.123816421986064,0.15586690017513136,1.3833874813276397,mecka,unknown,human_bimanual,right,0.062
184,mecka__flagship__6919ba8d03f554cfca37261e,8,20,4,0.8492647058823529,0.9317836292165492,126,False,3262.0,29.960062452044326,0.07529700851523438,397.89180264688326,5.988690208805206,0.2756215496968199,8.593490682961496,13.558826506485149,640.509177238868,27470777.429256916,17.128633395101954,0.1668711656441718,1.2793066953668053,mecka,unknown,human_bimanual,left,0.0109
185,mecka__flagship__6919dc40184bf01d5885f16d,8,21,4,0.8786764705882353,0.9974564932376647,75,False,3436.0,61.87444133312888,0.21373189194588982,289.4955954855513,5.671588414337269,0.5403881339137894,10.027690929596286,35.487465465793704,1805.9503723236307,43832934.494158864,17.59589604469391,0.13599301106581246,1.5782245179169865,mecka,unknown,human_bimanual,right,0.045
186,scale__2026-04-30-09-48-56-213440,9,1,7,0.7205882352941176,0.5989995376053294,2,True,8523.0,36.85617625541947,0.5314670597371384,69.34799735970165,4.2534543163421565,0.12974481197636517,2.193690381300178,1.9572171887703649,77.39985362867252,48146765.61407863,17.689764541598006,0.014317568360521065,3.2367171614052723,scale,freeform_place_rubberbands_in_ziploc,human_bimanual,left,0.0
187,mecka__flagship__6919ab26e2e164a8f6cb5a34,10,1,3,0.40441176470588236,-0.28552856825512585,110,False,2981.0,27.211519928018745,0.5683380785404095,47.87910744587559,3.889350054587694,0.27394147578542366,2.8108695599114903,4.986071137399545,188.12812254918114,6779605.816444483,15.729429666560142,0.044310171198388724,1.834006459940978,mecka,unknown,human_bimanual,right,0.0057
188,mecka__flagship__6919d061a6a3fc2efb40b7e6,10,2,3,0.5514705882352942,0.24700517831186627,80,False,3508.0,53.293923601071725,0.3844937195045917,138.6080471476603,4.938838832991116,0.4558932728919736,1.9381504311656705,6.158019349003506,209.51899952245202,6283113.793995966,15.65337640178892,0.03993154592127781,1.861861154820369,mecka,unknown,human_bimanual,right,0.0085
189,mecka__flagship__6919dad559dcaa2ef013f212,10,3,3,0.5551470588235294,0.25530137082133475,32,False,3521.0,56.07777770500543,0.6488060617812683,86.43226536917115,4.4708643835190385,0.4779356054403872,7.983477844574094,18.883430736016734,917.2423675593757,26432760.928281553,17.090114780866557,0.08411480534242682,1.259658892614802,mecka,unknown,human_bimanual,right,0.0214
190,mecka__flagship__6919b04fdd03fdca3dfe1406,10,4,3,0.5808823529411765,0.34821438155101553,19,False,3317.0,53.930270875546114,0.5084582487999126,106.06627191678945,4.673448006443679,0.4879095676315993,8.08587766260924,19.00500608447374,933.2779177485645,23380540.95391479,16.967414693975414,0.08114630467571644,1.5402901570814158,mecka,unknown,human_bimanual,right,0.0175
191,aria__2025-09-24-03-59-06-000000,10,5,3,0.5845588235294118,0.3544590310825115,153,False,1673.0,43.2194875524541,0.5457385024893938,79.19449948154254,4.384454927502236,0.7754692742665209,17.23333761600635,58.69126665211717,3106.638973560883,12455050.618512789,16.337636851070695,0.27827648114901254,0.9951375517937259,aria,fold_clothes,human_bimanual,right,0.0
192,aria__2025-09-24-03-34-16-000000,10,6,3,0.5919117647058824,0.38280155108716973,41,False,2288.0,48.43039682283185,0.8072688143382413,59.99289946872614,4.110757455246024,0.6352916067708594,20.19345612306386,56.26175910091367,2947.060561369306,26976799.330261074,17.11048780757691,0.26027996500437445,1.1106074412024727,aria,fold_clothes,human_bimanual,right,0.0
193,aria__2025-09-24-03-55-38-000000,10,7,3,0.5955882352941176,0.3965831741169579,167,False,1616.0,38.40916361376343,0.5278545617906341,72.76467116902151,4.300879906541137,0.7134829154259461,16.66617698798615,54.82289511814741,2860.0223670580112,11627634.98712327,16.268895235313938,0.3042131350681537,1.2697392022139868,aria,fold_clothes,human_bimanual,right,0.0
194,aria__2025-09-22-19-42-55-000000,10,8,3,0.5992647058823529,0.39932355285169635,45,False,2684.0,36.38345432496567,0.5929645366050637,61.358567129957045,4.132901066535551,0.40682207594072683,22.93258883373674,42.84161401216956,2234.8841723987475,43963474.882755086,17.59886975359034,0.2255779269202088,1.3590924383342968,aria,fold_clothes,human_bimanual,right,0.0
195,aria__2025-09-20-19-53-07-000000,10,9,3,0.6029411764705882,0.402340307176203,183,False,2226.0,45.81826115660059,0.5840016930740102,78.45569918714956,4.375199623413806,0.6177743077294461,15.340202103693823,39.79499564504657,2162.6632550816207,19269443.181464553,16.77403119625191,0.24415467625899281,1.1575247979564527,aria,fold_clothes,human_bimanual,right,0.0
196,aria__2025-09-20-19-04-22-000000,10,10,3,0.6066176470588235,0.4086707465671156,149,False,2472.0,53.172494702103116,0.6715774184827901,79.17552502320434,4.384218294023064,0.6455584140279618,15.102963751392897,40.70764116505,2153.1488652545554,22641488.112911716,16.935294582674775,0.2388663967611336,0.8983626335700587,aria,fold_clothes,human_bimanual,right,0.0
197,aria__2025-09-24-03-15-53-000000,10,11,3,0.6102941176470589,0.40881848713976277,173,False,2308.0,45.53075859389065,0.6183586244271205,73.63163833297014,4.312564523642123,0.5920774849660684,14.460802519159857,41.05220960135575,2207.240562298925,22060024.69381783,16.909277736513243,0.24154379878577623,1.2427852215487956,aria,fold_clothes,human_bimanual,right,0.0
198,aria__2025-09-24-03-30-47-000000,10,12,3,0.6213235294117647,0.44164757903544233,107,False,1690.0,43.75144056713942,0.6209281850488765,70.46135385800777,4.269156798091808,0.7771126210859577,20.765780697246868,71.83648091207665,3802.322585898152,15522695.587319298,16.55781380680965,0.3074644549763033,1.192093904480377,aria,fold_clothes,human_bimanual,right,0.0
199,mecka__flagship__6919b04323e5ac6d83812186,10,13,3,0.6544117647058824,0.4953108115468209,93,False,3814.0,70.245784441757,0.6808847754971953,103.16838761809906,4.646008701505625,0.5526812308556805,15.764405638265846,27.70339975037166,1430.5639689565107,41830634.07887693,17.549139525681255,0.08892969569779643,1.3961334610503509,mecka,unknown,human_bimanual,right,0.0109
200,aria__2025-09-24-04-47-05-000000,10,14,3,0.6580882352941176,0.4981032482365596,70,False,1381.0,38.227961911739214,0.37066683626636804,103.13294358027728,4.645668386463374,0.8310426502552002,17.60225167979277,74.01305254643668,3871.450254794629,9868191.749927275,16.10482728926665,0.32414793328498914,1.025529776444783,aria,fold_clothes,human_bimanual,right,0.0
201,aria__2025-09-23-19-25-08-000000,10,15,3,0.6691176470588235,0.5327041247257903,112,False,2585.0,36.449069459534115,0.44683261750991965,81.57208769282593,4.413671702024273,0.42317031106270264,16.611886357911214,30.617890332660668,1646.8379361649743,28888842.477587618,17.178966039712687,0.2953929539295393,1.0067880519863301,aria,fold_clothes,human_bimanual,right,0.0
202,aria__2025-09-24-04-10-46-000000,10,16,3,0.6727941176470589,0.5427205672688693,71,False,2056.0,46.1238563561958,0.5222217423399477,88.3223592903775,4.492251840532403,0.6733409687035884,17.123267799214897,52.004912927288345,2713.412739081692,18922509.633552838,16.755862810118153,0.3091528724440117,0.9565662074523631,aria,fold_clothes,human_bimanual,right,0.0
203,aria__2025-09-23-22-15-03-000000,10,17,3,0.6764705882352942,0.5479507541267955,68,False,2312.0,45.00243052078051,0.5624365678797209,80.01334388770476,4.394613880458781,0.5841942516760775,15.73958953005152,43.832219674153386,2363.218619320438,24020702.601908226,16.994426666522994,0.2995670995670996,1.0926178909890436,aria,fold_clothes,human_bimanual,right,0.0
204,aria__2025-09-20-19-57-29-000000,10,18,3,0.6801470588235294,0.5481289980320976,141,False,2101.0,51.39799486610576,0.5828006495832445,88.19138225542474,4.490784423432504,0.7342570695157966,14.989230529853806,53.55145802824754,2937.620879482136,19617952.490212563,16.791955699332487,0.2901381610290615,1.0548015944338192,aria,fold_clothes,human_bimanual,right,0.0
205,aria__2025-09-24-03-19-17-000000,10,19,3,0.6875,0.5574700533107899,135,False,1890.0,42.59492591045563,0.38094818279540904,111.81291271136352,4.725730806903786,0.6764678545863784,14.863201211039621,47.388986068927075,2503.610845937136,14685395.711702283,16.502364137006676,0.3013771186440678,0.9288542211312558,aria,fold_clothes,human_bimanual,right,0.0
206,aria__2025-09-24-05-29-17-000000,10,20,3,0.6911764705882353,0.5615431374753476,128,False,1943.0,47.96218330566789,0.3999921089744929,119.90782375340908,4.795028468127549,0.7409194125489377,16.465346215897107,54.58153256727148,2892.273474231055,16370408.333017318,16.610985954106006,0.26378155589902114,1.0237053651683856,aria,fold_clothes,human_bimanual,right,0.0
207,aria__2025-09-24-04-02-36-000000,10,21,3,0.6948529411764706,0.5712109972178834,58,False,2392.0,48.78853327988365,0.602829243137174,80.93259216487911,4.405896862428757,0.6121522368868714,20.05404760080997,58.7091635288918,3078.638876591821,31965995.654950242,17.28018329126674,0.27322175732217574,1.1807093440924323,aria,fold_clothes,human_bimanual,right,0.0
208,aria__2025-09-22-21-04-21-000000,10,22,3,0.7022058823529411,0.5784254433473857,158,False,3020.0,52.353054211391125,0.8185232240156664,63.96037726889115,4.173777503547321,0.5202357159131281,21.91968647946601,58.942498938559055,3114.139127507956,60650898.1642915,17.920645018706786,0.2538104705102717,1.2429918282865187,aria,fold_clothes,human_bimanual,right,0.0
209,mecka__flagship__6919990b1830780f59ca1fee,10,23,3,0.7132352941176471,0.5899989170009258,63,False,3757.0,51.25042692335936,0.27167668988236915,188.64491813982946,5.245153471782372,0.40934845785430796,3.0466850241975147,9.192328724309967,394.31015427630933,15105212.222833429,16.530550488746538,0.07989347536617843,1.914685409910689,mecka,debug,human_bimanual,right,0.0
210,aria__2025-09-24-03-12-23-000000,10,24,3,0.7242647058823529,0.602262616688953,162,False,1920.0,41.9077057638475,0.3626008220002919,115.57531925234787,4.758537581291088,0.6551491260632751,19.007118749159243,52.42891783631651,2765.452946599356,17285134.031019498,16.66535744334203,0.29874869655891556,1.014404755112156,aria,fold_clothes,human_bimanual,right,0.0
211,aria__2025-09-23-22-47-12-000000,10,25,3,0.7279411764705882,0.6122935862660072,119,False,2371.0,36.68470420952162,0.3226240193279266,113.70729397625529,4.742383613885514,0.46436334442432425,13.48769991147953,38.56340744607705,2062.033012835986,27731065.85044809,17.13806388964123,0.29590544533558466,0.7964276847923375,aria,fold_clothes,human_bimanual,right,0.0
212,aria__2025-09-24-04-07-27-000000,10,26,3,0.7316176470588235,0.6188050398325696,59,False,1624.0,38.72426891408415,0.3556688135191063,108.8773247531412,4.699364513944342,0.7157905529405573,14.150102192899158,57.57023659850406,3016.840799124668,12347014.862719458,16.328924961291865,0.35758323057953145,0.9407223270733184,aria,fold_clothes,human_bimanual,right,0.0
213,aria__2025-09-23-21-10-33-000000,10,27,3,0.7352941176470589,0.6226570394709605,164,False,2340.0,35.225531356627805,0.38866108508079283,90.63302890050159,4.517791784204028,0.4518024543389629,18.984367018443248,43.5445830073943,2258.9549822643703,30412719.66638307,17.230371521826733,0.31394354148845166,1.0937541846812142,aria,fold_clothes,human_bimanual,right,0.0
214,aria__2025-09-21-20-50-33-000000,10,28,3,0.7389705882352942,0.624909624588849,129,False,2730.0,41.862302805285594,0.75932665661141,55.130822078736635,4.0276850748247055,0.46019387473747436,26.430949238444132,45.27375582127727,2425.9437284567834,43645857.51031881,17.591618956259854,0.35447214076246336,1.187612697997657,aria,fold_clothes,human_bimanual,right,0.0
215,aria__2025-09-22-21-00-06-000000,10,29,3,0.7463235294117647,0.634086998595918,161,False,2689.0,55.92749623261362,0.7374960096585077,75.83430350831382,4.341651200695127,0.6241908061675627,23.26839780935587,78.15434560983772,4115.774123918171,52965417.59623391,17.785149779242786,0.2571641235578712,1.2392614149393257,aria,fold_clothes,human_bimanual,right,0.0
216,aria__2025-09-20-20-55-13-000000,10,30,3,0.75,0.6620873353504481,166,False,2329.0,47.79306667507595,0.578689399400269,82.58846062258408,4.42590547973319,0.6158900344726281,23.157705106622156,43.74850375060865,2373.108488480231,23217609.738776345,16.960421632246266,0.32617103566824235,1.2913773224704317,aria,fold_clothes,human_bimanual,right,0.0
217,aria__2025-09-23-21-14-51-000000,10,31,3,0.7573529411764706,0.6979103833261452,114,False,1946.0,31.521823377783374,0.24243937560790244,130.01940505227032,4.875345442400963,0.48619778988868956,13.695509490282342,44.314630526093005,2365.631189330846,20467529.835948914,16.834350326812718,0.3395061728395062,0.9025664563318927,aria,fold_clothes,human_bimanual,right,0.0
218,aria__2025-09-20-17-47-54-000000,10,32,3,0.7610294117647058,0.7095575811035099,120,False,2815.0,58.422817972707755,0.444450062724774,131.44967876601723,4.886202790392504,0.6228445412868631,19.1198378067674,43.67822621260424,2333.1944867889542,32976786.503585633,17.31131446294033,0.22147173835762532,1.1619199665567412,aria,fold_clothes,human_bimanual,right,0.0
219,aria__2025-09-23-21-38-55-000000,10,33,3,0.7647058823529411,0.7147948310353612,143,False,2981.0,40.17198661137943,0.3985090727711468,100.80570144120443,4.623066108846796,0.4044159725977795,15.940019584576893,35.964142955108315,1909.3823389444863,46609357.3095233,17.657311901026592,0.3115139308492783,0.8218478965646785,aria,fold_clothes,human_bimanual,right,0.0
220,aria__2025-09-24-04-43-51-000000,10,34,3,0.7683823529411765,0.7229062524502297,154,False,1756.0,45.76247087829396,0.20891058661442466,219.05290497678493,5.3938679946095665,0.7822644594580164,18.99728630248115,57.671526026822924,3030.1308376545044,13267539.477675246,16.400831044568942,0.2434435575826682,1.085990984672723,aria,fold_clothes,human_bimanual,right,0.0
221,aria__2025-09-24-04-14-10-000000,10,35,3,0.7720588235294118,0.7313886569337189,180,False,2250.0,49.13322878940265,0.37246174041727126,131.9148343514649,4.8897085798924005,0.6554010065282702,16.240099355990722,46.653399582643566,2463.464512157678,21138057.40347743,16.866585689508984,0.2944839857651246,1.092831211994768,aria,fold_clothes,human_bimanual,right,0.0
222,aria__2025-09-23-21-58-00-000000,10,36,3,0.7757352941176471,0.7325935614838337,20,False,2272.0,46.738001817887195,0.4822228180661855,96.92200382660525,4.584171282470128,0.6174108562468587,16.35539644576042,52.832352563459615,2810.5123000612825,26102953.549771972,17.077559067026844,0.35066079295154184,0.9971714066241752,aria,fold_clothes,human_bimanual,right,0.0
223,aria__2025-09-24-04-50-31-000000,10,37,3,0.7794117647058824,0.7389156654381392,170,False,2230.0,53.10012605144079,0.49402654720932326,107.48435757429411,4.686605992764872,0.7146719522401184,17.954882294936958,57.11427793769293,3024.124183214201,23375589.451940674,16.96720289279607,0.3240574506283663,1.0704237163245889,aria,fold_clothes,human_bimanual,right,0.0
224,aria__2025-09-23-19-32-44-000000,10,38,3,0.7830882352941176,0.7449751727383316,134,False,2277.0,40.64581664083468,0.3798428455439097,107.00692962278275,4.682195388239766,0.5357532949143411,23.04046039996843,59.349405707891265,3089.1604313176563,33209600.580412187,17.318349596304518,0.31648351648351647,1.1966665861843506,aria,fold_clothes,human_bimanual,right,0.0
225,aria__2025-09-21-20-44-10-000000,10,39,3,0.7904411764705882,0.7642423780843312,28,False,3255.0,46.10718742724595,0.7765288557506372,59.37601299139889,4.10059189015743,0.4250816296304174,19.805416221926126,41.429314087030484,2231.852606048338,61799628.694072194,17.939407930404663,0.37134952351675377,1.1153204584850875,aria,fold_clothes,human_bimanual,right,0.0
226,aria__2025-09-24-05-17-51-000000,10,40,3,0.7941176470588235,0.7771063420214578,163,False,2097.0,53.1616222632,0.5713896603652124,93.03917440371767,4.543711444429989,0.7609010820114506,18.526993764288054,66.47200719188619,3475.8453777739487,22314279.78465986,16.92073742539659,0.38520286396181386,0.9412853344450719,aria,fold_clothes,human_bimanual,right,0.0
227,aria__2025-09-21-22-17-10-000000,10,41,3,0.8014705882352942,0.7999687842979428,168,False,3327.0,66.70463872423322,0.7158408899984908,93.18361057074269,4.545246180996502,0.6016654124254349,18.53354264069321,38.90550950638979,2140.678355805746,43751618.8746937,17.594039195789748,0.29022556390977444,1.081213310062306,aria,fold_clothes,human_bimanual,right,0.0
228,mecka__flagship__6919dad4a2ccfcd9f61d6237,10,42,3,0.8051470588235294,0.8236118862331867,101,False,3559.0,57.49051359407526,0.15651000997076098,367.3280297203711,5.908973926230859,0.4847429476734845,8.521962837194636,17.252610883573226,767.3695400145726,22276422.685995053,16.91903944335258,0.0908068597132415,1.236669646894226,mecka,unknown,human_bimanual,right,0.0108
229,aria__2025-09-23-20-14-31-000000,10,43,3,0.8088235294117647,0.8287687522155601,79,False,2713.0,49.40855952861325,0.3314519799358709,149.06702182974678,5.011082006503721,0.5465548620421821,18.006671987290694,46.74296494032096,2490.949392833947,37265596.51894022,17.43358114048953,0.2781261527111767,1.0095893672791683,aria,fold_clothes,human_bimanual,right,0.0
230,aria__2025-09-22-20-47-49-000000,10,44,3,0.8161764705882353,0.8450485200443217,100,False,2718.0,44.90614366618972,0.32098550747555576,139.90084480561632,4.948056414668181,0.49583522634732863,23.4811343295173,65.14712041861482,3430.8678508286794,56786226.80708477,17.85480438610609,0.2665684830633284,1.1448113411693195,aria,fold_clothes,human_bimanual,right,0.0
231,aria__2025-09-24-04-35-30-000000,10,45,3,0.8198529411764706,0.8533198431517457,146,False,1973.0,48.59019424838164,0.38970604546742793,124.68421984601433,4.8337725694977545,0.7392017380585443,9.954610442768539,42.9000556725143,2283.0674819100936,13355408.466604041,16.407432064228708,0.419583967529173,0.8460937651721862,aria,fold_clothes,human_bimanual,right,0.0
232,aria__2025-09-23-21-34-16-000000,10,46,3,0.8235294117647058,0.8649559966950693,74,False,2966.0,48.77708176721531,0.33159987157943516,147.0962022237415,4.997862077621132,0.49352865194484286,19.7657918999142,45.40105678362828,2412.139889716495,47765750.43182987,17.681819443412806,0.27462887989203777,1.0437603526023966,aria,fold_clothes,human_bimanual,right,0.0
233,aria__2025-09-23-22-43-03-000000,10,47,3,0.8272058823529411,0.8659938064144569,12,False,2519.0,41.29170891084686,0.22627610865259867,182.48373262526778,5.212126013021433,0.4919584064040531,17.935093579884583,41.23425281320075,2179.542151965629,31229453.797941875,17.256872271468126,0.29400079459674217,0.9485709044001849,aria,fold_clothes,human_bimanual,right,0.0
234,aria__2025-09-21-22-21-41-000000,10,48,3,0.8308823529411765,0.8660670906642446,83,False,3541.0,47.022963334579366,0.6931058928011693,67.8438371726105,4.23184071024037,0.39849968927609625,10.552859963132425,32.11436730195356,1754.2002327266484,61319575.10851206,17.931609699166955,0.39559197513421873,1.0246889915137403,aria,fold_clothes,human_bimanual,left,0.0
235,aria__2025-09-20-21-23-13-000000,10,49,3,0.8345588235294118,0.8881824620913505,50,False,2089.0,50.13444604329584,0.2308536155045443,217.16985429803222,5.38527390756685,0.7203225006220666,19.11536637196269,63.80227051499358,3385.9454193802885,22786793.693417575,16.941691746021814,0.2635361763296598,1.1837598425054556,aria,fold_clothes,human_bimanual,right,0.0
236,aria__2025-09-20-20-27-23-000000,10,50,3,0.8419117647058824,0.9184001495772305,179,False,2050.0,51.003433341266586,0.3100515298757129,164.49986027068402,5.108970350530864,0.7467559786422633,15.545092359541536,58.666037438388514,3189.5533064173787,19939316.29782666,16.808204084089706,0.31982421875,1.3794674660776702,aria,fold_clothes,human_bimanual,right,0.0
237,aria__2025-09-23-19-37-29-000000,10,51,3,0.8455882352941176,0.9302478708413082,78,False,2055.0,40.56916480829919,0.3200422144491303,126.76191757430655,4.850168512985624,0.5925389212507186,19.55799374705595,61.38740943045038,3246.6928360677025,25703935.057966683,17.062154692145057,0.39746712128592304,1.1414133237271193,aria,fold_clothes,human_bimanual,left,0.0
238,aria__2025-09-22-20-17-09-000000,10,52,3,0.8529411764705882,0.9512180292168368,73,False,2700.0,38.13072747864889,0.23266339264521027,163.88795437533508,5.105266178840016,0.42383172447553424,7.945647311486482,33.57917510397306,1916.0738775798989,36611985.22737034,17.415886237308715,0.3558191252779837,0.8337093582853811,aria,fold_clothes,human_bimanual,right,0.0
239,aria__2025-09-23-19-20-34-000000,10,53,3,0.8566176470588235,0.9534101204727792,144,False,2139.0,42.74869485577559,0.21209189599809347,201.55741762127425,5.311023390164407,0.5998413684159344,20.75747622983753,64.65746221517449,3444.311002738779,29183899.458852783,17.18912776103804,0.31211979410388396,1.0983974460195902,aria,fold_clothes,human_bimanual,right,0.0
240,aria__2025-09-20-21-27-15-000000,10,54,3,0.8602941176470589,0.971733171919475,40,False,2294.0,52.08666147069442,0.17846146701738314,291.86503025676063,5.6797118552985255,0.6814652612825263,12.902076068484567,44.09324617457093,2393.0909646981268,20528867.87025547,16.837342691045468,0.24912739965095987,1.157448393903136,aria,fold_clothes,human_bimanual,right,0.0
241,aria__2025-09-22-20-11-49-000000,10,55,3,0.8639705882352942,0.9727057913998388,31,False,2193.0,32.431541340610096,0.2764203063328592,117.3269133909314,4.773451246301175,0.44386233586601404,5.288245419946636,37.24191955689975,2130.1371614181894,25638632.185708832,17.059610880706156,0.48881789137380194,0.6343139650124355,aria,fold_clothes,human_bimanual,right,0.0
242,aria__2025-09-20-20-23-06-000000,10,56,3,0.8676470588235294,0.9838064703975476,157,False,2607.0,56.98896308171342,0.5003700620250258,113.89363074816244,4.744006750317047,0.6560509948009988,17.706180005322874,55.426800164248704,2995.5313005661937,34474058.21077212,17.355717692243648,0.3769673704414587,1.1914128203012717,aria,fold_clothes,human_bimanual,right,0.0
243,aria__2025-09-22-03-13-58-000000,10,57,3,0.8823529411764706,0.9995252711322554,109,False,3659.0,54.45099761288533,0.5882648822110373,92.5620400936177,4.53862474666869,0.4465636764315364,18.872650641157882,35.1523692657178,1883.6988117839026,62740933.470093004,17.954524654943157,0.3855619360131255,0.9928280203711527,aria,fold_clothes,human_bimanual,left,0.0
244,aria__2025-09-20-18-44-29-000000,10,58,3,0.8860294117647058,1.003047820770124,176,False,2350.0,60.29666867158255,0.23212916559496807,259.754815888976,5.563580563083196,0.7700723968273633,16.81693081430524,55.797811337451094,3006.932952469875,23954817.26665873,16.99168004182344,0.2551107325383305,1.1975387910392403,aria,fold_clothes,human_bimanual,right,0.0
245,aria__2025-09-20-20-59-45-000000,10,59,3,0.8897058823529411,1.0298872069001637,193,True,2435.0,49.47526171161997,0.13844365090114938,357.36750215397,5.881559002195957,0.6098019109895642,9.866283205220476,37.05596285660455,2050.96594354191,22153165.07949509,16.913490982366927,0.23962186600904234,1.1150698429490715,aria,fold_clothes,human_bimanual,right,0.0
246,aria__2025-09-22-20-35-24-000000,10,60,3,0.8933823529411765,1.037984474818702,108,False,2717.0,43.07560184611298,0.23192839535138035,185.72802084389798,5.229653124148942,0.4757982530866676,24.89461578666669,70.53838033436246,3700.4339965700474,63780300.59500531,17.97095494821179,0.2994475138121547,1.1501934505338578,aria,fold_clothes,human_bimanual,right,0.0
247,aria__2025-09-24-05-09-51-000000,10,61,3,0.8970588235294118,1.0402722605729064,105,False,1599.0,45.216465201505734,0.1932892414065582,233.9316191241028,5.459294489349925,0.8488698097904707,18.359875455134564,81.30593909228999,4261.393595455995,14257023.950941596,16.472760322218146,0.3857232310582342,1.0029247754392976,aria,fold_clothes,human_bimanual,right,0.0
248,aria__2025-09-24-05-21-13-000000,10,62,3,0.9007352941176471,1.0528223663079306,140,False,1949.0,50.16312685225944,0.21751643307433371,230.6176418179714,5.445087916450501,0.772532754398246,15.677164976198537,58.130530850950024,3076.5050556295196,16803907.602149382,16.63712207220338,0.35233692860811505,1.175702768112802,aria,fold_clothes,human_bimanual,right,0.0
249,aria__2025-09-22-02-36-16-000000,10,63,3,0.9044117647058824,1.0643157798048377,142,False,3476.0,58.34978695582575,0.4036290739751852,144.5628938003932,4.980608253010712,0.5037391679639633,9.361629218169252,31.97162687067789,1763.5704469561626,46993910.42633486,17.665528607162233,0.37075417386298215,0.7365632628214196,aria,fold_clothes,human_bimanual,right,0.0
250,aria__2025-09-24-05-25-40-000000,10,64,3,0.9080882352941176,1.0685249030168262,189,False,2331.0,51.153976033641555,0.22927975253427035,223.1072542090065,5.412124750693531,0.6586348845533248,18.826775395144807,59.154130026318605,3117.2353833893085,28567590.323512245,17.16778346276038,0.3284671532846715,1.1011716759280947,aria,fold_clothes,human_bimanual,right,0.0
251,aria__2025-09-20-18-05-52-000000,10,65,3,0.9117647058823529,1.108810824667503,116,False,3383.0,63.76614695220476,0.26609466967122547,239.63706988565883,5.483289864347826,0.5656370220479428,20.30968019054572,46.63672728871879,2466.2196280479743,55435906.633009136,17.830738093977963,0.2608695652173913,0.9387117954605494,aria,fold_clothes,human_bimanual,right,0.0
252,aria__2025-09-22-02-31-37-000000,10,66,3,0.9154411764705882,1.1187496759230073,39,False,3723.0,53.92805914256161,0.4277559170261848,126.07203546704051,4.8447541340586024,0.43467000920925525,11.876170082236527,33.60560480797879,1840.8526666473222,65214555.25786572,17.993193257467823,0.4012362268207471,0.7649080776165009,aria,fold_clothes,human_bimanual,right,0.0
253,aria__2025-09-22-20-41-18-000000,10,67,3,0.9191176470588235,1.1245231651157013,37,False,4900.0,79.71201409818575,0.7305271123099635,109.11575046972911,4.701532089534599,0.4881323582252648,21.962874346687535,54.15398560073679,2864.9636211272095,156562164.5347719,18.868963712936328,0.26970191915067376,1.13492044187487,aria,fold_clothes,human_bimanual,right,0.0
254,aria__2025-09-23-20-34-49-000000,10,68,3,0.9227941176470589,1.1245923248537812,10,False,3036.0,54.77984688865138,0.26170036549334624,209.32277563075914,5.348643377513885,0.5414811883556973,8.378743348818588,35.85285954372691,1986.7781784390365,37571231.1398943,17.441749212857317,0.35332893869479237,0.8135741555551941,aria,fold_clothes,human_bimanual,right,0.0
255,aria__2025-09-24-04-38-51-000000,10,69,3,0.9264705882352942,1.1294801784355482,182,False,2064.0,57.45090634252223,0.2375430045346975,241.85475996255016,5.492463569021946,0.8354470141908227,27.896977309454407,54.78293433910877,2913.5083893070982,16503226.209960375,16.61906650822832,0.3646944713870029,1.1721769462618223,aria,fold_clothes,human_bimanual,right,0.0
256,aria__2025-09-22-20-27-48-000000,10,70,3,0.9301470588235294,1.1573988650642029,95,False,2398.0,40.436628934266295,0.17300136349217385,233.73589732485286,5.458461040990288,0.5060904747717935,23.51854190970153,51.87839310502534,2772.689191846248,34997593.97531809,17.370789902101794,0.3526711185308848,1.2659461039436704,aria,fold_clothes,human_bimanual,right,0.0
257,aria__2025-09-22-20-23-21-000000,10,71,3,0.9338235294117647,1.1602271027727022,94,False,3317.0,54.87079293360772,0.17637894624080924,311.09604690966296,5.74331098309483,0.49641851266834486,18.140168251799103,33.79381330789816,1781.0073813914164,43853135.40004209,17.59635679988123,0.2253393665158371,1.448545664795002,aria,fold_clothes,human_bimanual,right,0.0
258,aria__2025-09-22-01-56-37-000000,10,72,3,0.9375,1.1781975238827351,124,False,3177.0,59.95324578173213,0.2418461536040306,247.89828115229096,5.517044303573449,0.56630899667883,12.346154056384764,36.72774079114059,2024.557875995771,40086693.03150948,17.506555017549367,0.30582677165354333,1.0926295584453458,aria,fold_clothes,human_bimanual,right,0.0
259,aria__2025-09-20-17-42-51-000000,10,73,3,0.9411764705882353,1.182526595995838,60,False,2808.0,68.83909658064886,0.2704312997962146,254.55299232197987,5.543429794486294,0.7357224429709532,13.531564341902474,49.409462634890104,2710.8121925480755,32274512.825029347,17.28978843106778,0.32002851033499646,0.946192249788636,aria,fold_clothes,human_bimanual,right,0.0
260,aria__2025-09-23-20-30-13-000000,10,74,3,0.9448529411764706,1.2365554268115058,51,False,2368.0,38.31725804081621,0.11453247376226698,334.553657859086,5.815781877629874,0.48564332117637776,16.455928537142043,45.520496134939506,2482.5790130402356,31843053.719815575,17.27632985403124,0.37362637362637363,0.80933517954937,aria,fold_clothes,human_bimanual,right,0.0
261,aria__2025-09-21-21-01-12-000000,10,75,3,0.9485294117647058,1.2543409498152711,92,False,3528.0,54.383191804605346,0.2575096842359731,211.18891883992387,5.357477004457841,0.4625732220408733,26.638470173032193,44.09869685581136,2356.436086769539,70441437.4004051,18.070292261605328,0.3284174702212138,1.2033996910226517,aria,fold_clothes,human_bimanual,right,0.0
262,aria__2025-09-21-21-40-03-000000,10,76,3,0.9522058823529411,1.2757390803676716,121,False,3508.0,48.28517582889276,0.31252737086416726,154.49903058212072,5.046639497401276,0.4130468419922392,20.473478342130498,34.275555998268615,1877.8868305482686,62156250.42857916,17.945161957002195,0.43667997718197377,0.9716001012644709,aria,fold_clothes,human_bimanual,left,0.0
263,aria__2025-09-22-19-49-07-000000,10,77,3,0.9558823529411765,1.3255210087542584,26,False,3892.0,54.890586277727245,0.20428821394139823,268.6918898486873,5.597280158683855,0.42321192195626245,22.371604920477346,49.197790228914535,2628.3993965437007,104515517.62115896,18.464846121895338,0.2776349614395887,1.2675060076767495,aria,fold_clothes,human_bimanual,right,0.0
264,aria__2025-09-20-18-59-55-000000,10,78,3,0.9595588235294118,1.4025175555059324,155,False,2343.0,53.93889348810991,0.08867020818552704,608.3090881579091,6.412325672879152,0.6909337338357375,14.269253684466857,46.8189832818442,2576.918183739793,22744347.55147486,16.93982725718125,0.3229389149935925,0.9203472773373852,aria,fold_clothes,human_bimanual,right,0.0
265,aria__2025-09-22-02-19-38-000000,10,79,3,0.9632352941176471,1.4180666882902486,127,False,4240.0,58.246755896785544,0.5611924056841893,103.79106222182892,4.651968484107189,0.41222049466939525,8.376774479502139,32.74121924596968,1872.4422559235636,90722874.21571095,18.323320090736367,0.5325625294950448,0.8159809866419409,aria,fold_clothes,human_bimanual,left,0.0
266,aria__2025-09-22-02-24-19-000000,10,80,3,0.9669117647058824,1.4194547183018469,56,False,3785.0,67.552030813752,0.2550141972284302,264.89517661341,5.583102158232658,0.5355604979948626,8.27883945932461,33.90187387015286,1898.271378325234,56413311.9804508,17.848215734366544,0.3885804916732752,0.7380225764310371,aria,fold_clothes,human_bimanual,right,0.0
267,aria__2025-09-22-03-09-27-000000,10,81,3,0.9705882352941176,1.4296691300846789,61,False,3578.0,57.97231478220249,0.2707118605144709,214.14767225946343,5.371324640074157,0.48620895819571563,10.02865959860652,36.575016908976245,2032.0614580346562,59441710.25998626,17.900506747663034,0.4446308724832215,0.8167798354395019,aria,fold_clothes,human_bimanual,left,0.0
268,aria__2025-09-22-02-02-19-000000,10,82,3,0.9742647058823529,1.5052600017550462,132,False,3805.0,48.13852178518277,0.12046316528745081,399.61196163419737,5.9929932820824865,0.379641338999864,22.37887296834739,36.17516895739708,1938.9453341754472,82148901.38090235,18.22404404120068,0.33736523797002366,1.0444447501386704,aria,fold_clothes,human_bimanual,left,0.0
269,aria__2025-09-23-20-19-39-000000,10,83,3,0.9816176470588235,1.5244152976383258,76,False,2649.0,34.47552421890945,0.05508528162276671,625.8572744531588,6.4407188822696195,0.39058373359791665,15.700942267780322,33.836022451904924,1855.0408367844645,37023600.19703121,17.427066137445813,0.3781639591990933,0.869743193618149,aria,fold_clothes,human_bimanual,right,0.0
270,aria__2025-09-20-18-11-35-000000,10,84,3,0.9852941176470589,1.5300276945136198,5,False,3136.0,63.476610225923935,0.12984121391595416,488.8787489849884,6.194157909432565,0.6074316768030998,24.92590403168727,48.96601442302438,2657.4651403806083,47798076.291399896,17.682495972623386,0.3347160178685386,0.9953195853519852,aria,fold_clothes,human_bimanual,right,0.0
271,aria__2025-09-21-20-56-12-000000,10,85,3,0.9889705882352942,1.5942767256607568,106,False,2504.0,45.35855119227642,0.05120740418104177,885.7811075896963,6.78759817348917,0.5436502340264852,16.658877595792703,50.2935346044175,2640.4566877310876,33829748.32259037,17.336851130814875,0.32174260591526777,1.0110649308329596,aria,fold_clothes,human_bimanual,right,0.0
272,aria__2025-09-20-18-39-18-000000,10,86,3,0.9926470588235294,1.6189612125726027,102,False,3712.0,73.32260191793964,0.40888216988950354,179.32452749836062,5.194758158108253,0.592745367162002,13.379940050588022,44.647276133038396,2490.9216773125054,64328996.34042274,17.979521057076113,0.5331536388140161,0.7677554686201832,aria,fold_clothes,human_bimanual,right,0.0
273,aria__2025-09-21-21-35-21-000000,10,87,3,1.0,1.894008311433448,15,False,2994.0,46.185020223223184,0.07182862339130278,642.9890765359622,6.467681764059819,0.46293037310280505,27.344698845290793,55.08023091111532,2859.7082048721554,61516910.42244498,17.934822677454775,0.43816844919786097,1.3875804031480605,aria,fold_clothes,human_bimanual,left,0.0
